-- MySQL dump 10.13  Distrib 5.6.39, for Linux (x86_64)
--
-- Host: localhost    Database: pj-images
-- ------------------------------------------------------
-- Server version	5.6.39-cll-lve

/*!40101 SET @OLD_CHARACTER_SET_CLIENT=@@CHARACTER_SET_CLIENT */;
/*!40101 SET @OLD_CHARACTER_SET_RESULTS=@@CHARACTER_SET_RESULTS */;
/*!40101 SET @OLD_COLLATION_CONNECTION=@@COLLATION_CONNECTION */;
/*!40101 SET NAMES utf8mb4 */;
/*!40103 SET @OLD_TIME_ZONE=@@TIME_ZONE */;
/*!40103 SET TIME_ZONE='+00:00' */;
/*!40014 SET @OLD_UNIQUE_CHECKS=@@UNIQUE_CHECKS, UNIQUE_CHECKS=0 */;
/*!40014 SET @OLD_FOREIGN_KEY_CHECKS=@@FOREIGN_KEY_CHECKS, FOREIGN_KEY_CHECKS=0 */;
/*!40101 SET @OLD_SQL_MODE=@@SQL_MODE, SQL_MODE='NO_AUTO_VALUE_ON_ZERO' */;
/*!40111 SET @OLD_SQL_NOTES=@@SQL_NOTES, SQL_NOTES=0 */;

--
-- Table structure for table `asset_description`
--

DROP TABLE IF EXISTS `asset_description`;
/*!40101 SET @saved_cs_client     = @@character_set_client */;
/*!40101 SET character_set_client = utf8 */;
CREATE TABLE `asset_description` (
  `id` int(11) NOT NULL AUTO_INCREMENT,
  `assets_id` int(11) DEFAULT NULL,
  `description` varchar(1024) DEFAULT NULL,
  PRIMARY KEY (`id`)
) ENGINE=MyISAM AUTO_INCREMENT=1401 DEFAULT CHARSET=latin1;
/*!40101 SET character_set_client = @saved_cs_client */;

--
-- Dumping data for table `asset_description`
--

LOCK TABLES `asset_description` WRITE;
/*!40000 ALTER TABLE `asset_description` DISABLE KEYS */;
INSERT INTO `asset_description` (`id`, `assets_id`, `description`) VALUES (1046,715,'About To Pounce!'),(1047,716,'As The Crow Flies, Gothic style photography mixed with dramatic atmosphere..'),(1048,717,'BMX Jump'),(1049,718,'Wake-up Phil!'),(1050,719,'Can I Play?'),(1051,720,'Spooky Church'),(1052,721,'Itas The End Of The World As We Know It!'),(1053,722,'Creepy Woods'),(1054,723,'The Way'),(1055,724,'A huge aircraft is found climbing steeply over a row of heavy traffic.'),(1056,725,'Close Call'),(1057,726,'Reach For The Sky'),(1058,727,'Fly Me To The Moon'),(1059,728,'Moon Lit Walk'),(1060,729,'Heavenas Open'),(1061,730,'Would You Want To Go Down To The Woods Today?'),(1062,731,'In A World Of Make Believe'),(1063,732,'Out Of The Frame'),(1064,733,'Kapow!'),(1065,734,'Lights Will Guide You Home'),(1066,735,'Lost In Technology'),(1067,736,'Life In The Fast Lane'),(1068,737,'Merry Christmas'),(1069,738,'Merry Christmas Alternate'),(1070,739,'Moon Lit St Maryas'),(1071,740,'Moon Lit Walk Alternate'),(1072,741,'Chop!'),(1073,742,'Piano Run'),(1074,743,'Reach For The Sky Alternate'),(1075,744,'Run Away!'),(1076,745,'Heavenas Open Alternate'),(1077,746,'The Art Of Levitation'),(1078,747,'The Coffee Cup'),(1079,748,'The Magical Path'),(1080,749,'The Evil Eye Of The Storm'),(1081,750,'The Haunted Forest'),(1082,751,'The Great Escape'),(1083,752,'The Magic of The Seaside'),(1084,753,'Tread Carefully'),(1085,754,'Ajar..'),(1086,755,'Blazing Lights'),(1087,756,'Crossing Over'),(1088,757,'New Year Message - note I can edit this image to be relevant to the current year :-)'),(1089,758,'Wall Painting'),(1090,759,'I Canat See Clearly Now!'),(1091,760,'Just Like A Mirror'),(1092,761,'Late!'),(1093,762,'Light Streaks'),(1094,763,'Luke And Darth Lego'),(1095,764,'My World'),(1096,765,'Light Sabre Chop'),(1097,767,'Virtual Reality Part 2'),(1098,768,'My World Salford Quays'),(1099,769,'My World Salford Quays II'),(1100,770,'Image Not Defined'),(1101,771,'Still Not Lovina It!'),(1102,772,'Grpahical style abstract image created using faux ICM techniques. There we are.'),(1103,773,'Taken near Warrington in Cheshire England this was a very beautiful sunrise. The reflection part of the image has been \"photoshopped\" in place. The reason for this was because the image was too dark and boring in the foreground.\r\nTaken near Warrington in Cheshire England this was a very beautiful sunrise. The reflection part of the image has been \"photoshopped\" in place. The reason for this was because the image was too dark and boring in the foreground.\r\nTaken near Warrington in Cheshire England this was a very beautiful sunrise. The reflection part of the image has been \"photoshopped\" in place. The reason for this was because the image was too dark and boring in the foreground.\r\nTaken near Warrington in Cheshire England this was a very beautiful sunrise. The reflection part of the image has been \"photoshopped\" in place. The reason for this was because the image was too dark and boring in the foreground.'),(1104,774,'Across The Mere '),(1105,775,'After The Rain'),(1106,776,'A Morning Walk'),(1107,777,'A New Day'),(1108,778,'A Nice View'),(1109,779,'Apartments '),(1110,780,'Autumnal Afternoon'),(1111,781,'Autumnal Afternoon Infra Red'),(1112,782,'Autumnas Walk'),(1113,783,'The Beeb'),(1114,784,'Beeston Castle'),(1115,785,'The rush of Salford Quays captured at blue hour..'),(1116,786,'Bridge 176 Infra Red'),(1117,787,'Bridge Bokeh'),(1118,788,'The Original Internet'),(1119,790,'Canal Boat A Comina'),(1120,791,'Canal Reflections'),(1121,792,'Canal Reflections '),(1122,793,'Canal Scene'),(1123,794,'Canal Sunrise'),(1124,795,'Canal Sunset'),(1125,796,'Casting A Shadow'),(1126,797,'Catch Me If You Can'),(1127,798,'Centenary Bridge'),(1128,799,'Chester Street'),(1129,800,'Chester Street Sepia'),(1130,801,'Image Not Defined'),(1131,802,'Christmas Time'),(1132,803,'Dramatic cloudscape, and if you look closely, there\'s a lighthouse there too!'),(1133,804,'Country Lane'),(1134,805,'Country Road'),(1135,806,'Cows On A Hill'),(1136,807,'Cycling The Canal'),(1137,808,'Overpowering Trees'),(1138,809,'Breakthrough!'),(1139,810,'The Magical Woods'),(1140,811,'Autumnas Coming Soon'),(1141,812,'The Magical Forest'),(1142,813,'Please Donat Go!'),(1143,814,'Donat Look Into The Sun'),(1144,815,'Dual Flare'),(1145,816,'Waiting'),(1146,817,'Eccles Morning Trails'),(1147,818,'An Egyptian Sunset'),(1148,819,'Every Cloud '),(1149,820,'Exterminate!!'),(1150,821,'A golden capture of some leaves falling to the ground..'),(1151,822,'A misty morning down on the farm.'),(1152,823,'An early morning shot of a flooded path way.'),(1153,824,'A field of wheat in the summertime.'),(1154,825,'An early morning walk in the local park.'),(1155,826,'The forest found in summertime.'),(1156,827,'The forest found in summertime. With some lens flare added.'),(1157,828,'A night time shot of Salford Quays.'),(1158,829,'A lonely bench is bathed in the early morning golden sunlight.'),(1159,830,'A flooded fence is made to look miniaturised.'),(1160,831,'A broken fence frames and guards the entrance to a majestic field.'),(1161,832,'Figures and bride are silhouetted against a blue sky.'),(1162,833,'Cattle graze as the sun is setting behind a cloud.'),(1163,834,'An image of a factory at dawn. Manchester, England.'),(1164,835,'A row of trees taken on a bright morning with an infra red style effect applied.'),(1165,836,'A warm summer\'s evening along the canal.'),(1166,837,'An image capturing torrential rain in the Spanish Island of Marllorca.'),(1167,838,'Salford Quays during a spectacular sunrise.'),(1168,839,'Torrential rain captured in a suburban garden.'),(1169,840,'Hotels and beach at LLandudno, North Wales. '),(1170,841,'The Liverpool skyline as taken from New Brighton.'),(1171,842,'A path, bearing it\'s climbers, winds up it\'s way up to mount Snowdon, Wales.'),(1172,843,'Morning rush hour traffic.'),(1173,844,'ICM effect on some trees.'),(1174,845,'A man and his dog run on golden sands of Southport.'),(1175,846,'Taken in Kolkata, India, these Men work on a hotel.'),(1176,847,'The chapel of rest at Middlewich Cemetery, UK. In the rain.'),(1177,848,'Morning mist on the canal.'),(1178,849,'A worker walks to the office on a misty morning.'),(1179,850,'A narrow boat is made to look like a model.'),(1180,851,'A late night moon lit canal.'),(1181,852,'A dense mist descends on the canal whilst some ducks frolic in the water.'),(1182,853,'Misty Morning along a dew soaked path.'),(1183,854,'A graphical abstract landscape of some strong light and shadows.'),(1184,855,'A lonely tree is reflected by rippled water.'),(1185,856,'Part of my shadow series, taken early one morning on the Spanish island of Mallorca.'),(1186,857,'A close-up of some leaves on the floor, bathed in strong autumnal light.'),(1187,858,'A young child plays on the beach.'),(1188,859,'A deliberately strongly processed night scene found at Salford Quays, Salford, Manchester, England.'),(1189,860,'A walk along the tow path in Barbridge, Cheshire, England.'),(1190,861,'A close-up of a peg in the rain.'),(1191,862,'Strong lines in this image of a raliway line.'),(1192,863,'A dual rainbow framed off by a white fence.'),(1193,864,'Media City, Salford Quays on a nice still morning.'),(1194,865,'Media City, Salford Quays with some mirror like reflections.'),(1195,866,'Some benches in a row along the river side.'),(1196,867,'An image of a bend.'),(1197,868,'A composite of a boy running in a distorted forest.'),(1198,869,'Another one from my Mallorcan shadow series.'),(1199,870,'A lone yacht is silhouetted against a golden sunrise.'),(1200,871,'Shafts of light break through some trees.'),(1201,872,'A Russian ship is found wrecked and decaying. Egypt, Sharm-el-Sheikh.\r\n'),(1202,873,'A morning walk along the Shropshire Union canal, near Middlewich, Cheshire.'),(1203,874,'Image Not Defined'),(1204,875,'A misty morning along the canal.'),(1205,876,'A lone tree is silhouetted against the sunset. '),(1206,877,'A stormy day in the summer.'),(1207,878,'A summery meadow with bright cloudy sky.'),(1208,879,'A Panoramic view of a summery meadow.'),(1209,880,'A group of walkers are out hiking along the canal.'),(1210,881,'Sundown of the Sinai mountains.'),(1211,882,'A sunset occurs at the local church. St Mary\'s Acton, Nantwich, Cheshire.'),(1212,883,'The sunrise if reflected by the canal.'),(1213,884,'The sun descends at the local fishing pond.'),(1214,885,'Cattle grazing look longingly to the sun.'),(1215,886,'A view from the car park at Tegg\'s Nose country park.'),(1216,887,'A young boy is on the run from a pursuing cyclist.'),(1217,888,'A lone canal boat is found bathed in early morning light.'),(1218,889,'A young boy wanders a lone path to the clouds.'),(1219,890,'A road winds off in the distance, but to where?'),(1220,891,'Tall trees tower above.'),(1221,892,'Image Not Defined'),(1222,893,'An industrial scene featuring a white van.'),(1223,894,'An image of a bench on a frost sunrise morning.'),(1224,895,'Two loan walkers stroll along a beach. Minimalist style, like.'),(1225,896,'A train speeds past, with motion blur.'),(1226,897,'Trees in summer with a faux infra red effect.'),(1227,898,'Silhouetted branches.'),(1228,899,'A couple of sheet on snowy baron moorland.'),(1229,900,'Some trees, silhouetted, at dawn.'),(1230,901,'A wheat field drenched in the morning dew.'),(1231,902,'A field of wheat with a vivid puffy cloud sky.'),(1232,903,'A typical suburban English back garden with some torrential rain.\r\n'),(1233,904,'A typical emulated shot of the famous windows 98/XP background.'),(1234,905,'Trees in delamere forest sort of reminded of baby Ents.'),(1235,906,'A row of trees in winter.'),(1236,907,'A view from Tegg\'s nose country park, near Macclesfield Cheshire.'),(1237,908,'2 Jewels'),(1238,909,'Almost There'),(1239,910,'Blowina in the Wind'),(1240,911,'Bubbles'),(1241,912,'Burnt Out'),(1242,913,'Butterfly'),(1243,914,'Cherry Blossom'),(1244,915,'Cherry Blossom Alternate'),(1245,916,'Gravity'),(1246,917,'Coined'),(1247,918,'Colours of Spring'),(1248,919,'Coppers'),(1249,920,'Dandelion'),(1250,921,'Eye '),(1251,922,'Rippled'),(1252,923,'Geared'),(1253,924,'A super close up of grass on a dewy morning.'),(1254,925,'A close-up of a coin in mid spin.'),(1255,926,'A close-up of someone playing a keyboard, with blurred action.'),(1256,927,'A close-up of a training shoe.'),(1257,928,'A close-up of a lady bird.'),(1258,929,'A leaf on a frosty morning.'),(1259,930,'A close-up of a weed growing up through paving.'),(1260,931,'A close-up of some condensation.'),(1261,932,'A Close-up of a match.'),(1262,933,'A close-up of a measuring scale.'),(1263,934,'A close-up of a minecraft toy.'),(1264,935,'A close-up of some flowers blooming.'),(1265,936,'One vision.'),(1266,937,'A close-up of some pegs.'),(1267,938,'A close-up of some pegs.'),(1268,939,'Pegs in a row.'),(1269,940,'Pegs Again.'),(1270,941,'Some colourful pencils arranged.'),(1271,942,'Natural or planted, that is the question?'),(1272,943,'The UK flag in the wind.'),(1273,944,'A close-up of a tap running.'),(1274,945,'A close-up of a peg decaying.'),(1275,946,'A flower in the sun against a blue background.'),(1276,947,'A close-up of a match blown out.'),(1277,948,'Grass in the morning.'),(1278,949,'A coin makes an interesting pattern as it spins.'),(1279,950,'An image of an old TV from the 80\'s'),(1280,951,'Image Not Defined'),(1281,952,'Image Not Defined'),(1282,953,'Some water on glass.'),(1283,954,'A close-up of a spider at the centre of it\'s web.'),(1284,955,'Close-up of a grass with a spinning (radial) zoom effect.'),(1285,956,'006 '),(1286,957,'No Mr. Bond, I Expect You To Die!'),(1287,958,'3 of Us'),(1288,959,'Alone'),(1289,960,'An Apple A Day'),(1290,961,'Learning To Catch'),(1291,962,'Ash In The Desert'),(1292,963,'Ash In The Park'),(1293,964,'Ash In The Snow'),(1294,965,'Down The Slide'),(1295,966,'Turn Around'),(1296,967,'Playing'),(1297,968,'The Sense of Smell'),(1298,969,'Bubbles Alternate'),(1299,970,'The Bubble Catch!'),(1300,971,'Determined Running'),(1301,972,'Directions'),(1302,973,'Two children make shapes as silhouettes against a setting sun.'),(1303,974,'A young child looks back at....?'),(1304,975,'A young child plays in the desert with mirrored sun glasses.'),(1305,976,'A young child is wearing some mirrored sun glasses.'),(1306,977,'A candid photo of two  young girls, engaged in conversation, in a busy Chester high street.'),(1307,978,'A graphical style image created with the shadow of a father and son holding hands.'),(1308,979,'A young deer is captured following her mother.'),(1309,980,'Two young brothers stroll together on a beach. The youngest is trying to keep up with the elder.'),(1310,981,'A close-up portrait of a baboon.'),(1311,982,'A fractal distorted effect applied to a close-up of a zebra.'),(1312,983,'An older brother looks after his younger sibling in an old aged play area.'),(1313,984,'A mystical figure stares at a long run of misty lights.'),(1314,985,'A young child plays with a large bubble.'),(1315,986,'A young kid is having fun by the pool.'),(1316,987,'A female duck cares for her ducklings.'),(1317,988,'A couple enjoy a latte by the sea.'),(1318,989,'A young kid kicks some leaves.'),(1319,990,'A close-up of a young girl.'),(1320,991,'A young family having fun.'),(1321,992,'London on a busy afternoon.'),(1322,993,'London on a sunny afternoon.'),(1323,994,'A candid shot of travellers on the tube.'),(1324,995,'A candid shot showing the way out of a tube station.'),(1325,996,'Two children make shapes in front of a huge supermoon rising.'),(1326,997,'Me.'),(1327,998,'A high key image of my eye.'),(1328,999,'A man levitates in his front room.'),(1329,1000,'A young child looks sad.'),(1330,1001,'A young kid makes a long bubble.'),(1331,1002,'A young kid pops a bubble.'),(1332,1003,'A young kid points a toy gun at the camera.'),(1333,1004,'Image Not Defined'),(1334,1005,'Image Not Defined'),(1335,1006,'Image Not Defined'),(1336,1007,'Image Not Defined'),(1337,1008,'Image Not Defined'),(1338,1009,'Image Not Defined'),(1339,1010,'Image Not Defined'),(1340,1011,'Image Not Defined'),(1341,1012,'Image Not Defined'),(1342,1013,'Image Not Defined'),(1343,1014,'Image Not Defined'),(1344,1015,'Image Not Defined'),(1345,1016,'Image Not Defined'),(1346,1017,'Image Not Defined'),(1347,1018,'Image Not Defined'),(1348,1019,'Image Not Defined'),(1349,1020,'Image Not Defined'),(1350,1021,'Image Not Defined'),(1351,1022,'Image Not Defined'),(1352,1023,'Image Not Defined'),(1353,1024,'Image Not Defined'),(1354,1025,'Image Not Defined'),(1355,1026,'Image Not Defined'),(1356,1027,'Image Not Defined'),(1357,1028,'Image Not Defined'),(1358,1029,'Image Not Defined'),(1359,1030,'Image Not Defined'),(1360,1031,'Image Not Defined'),(1361,1032,'Image Not Defined'),(1362,1033,'Image Not Defined'),(1363,1034,'Bad Moon On The Rise'),(1364,1035,'Bad Moon On The Rise With Boids'),(1365,1036,'Media City'),(1366,1037,'Eccles Morning '),(1367,1038,'Super Moon Eclipse 2015'),(1368,1039,'Moon Against Stars'),(1369,1040,'Life In The Fast Lane'),(1370,1041,'Lights Will Guide You Home Alternate'),(1371,1042,'Moody M6'),(1372,1043,'Media City Bride LE'),(1373,1044,'Media City Bride'),(1374,1045,'Misty Moonlit Church'),(1375,1046,'Moody M6 Alternate'),(1376,1047,'The Moon'),(1377,1048,'Spooky Graveyard '),(1378,1049,'Moon Eclipse '),(1379,1050,'Nantwich Side Street'),(1380,1051,'Quarter Moon'),(1381,1052,'Reflecting Media City'),(1382,1053,'Super Moon'),(1383,1054,'The Reality Distortion Field'),(1384,1055,'Grass bokeh taken on a sunny day.'),(1385,1056,'Blurry Bokeh '),(1386,1057,'Generic Bokeh'),(1387,1058,'Colourful Bokeh'),(1388,1059,'Christmas Bokeh'),(1389,1060,'Budding Bokeh'),(1390,1061,'Bright Light Budding Bokeh'),(1391,1062,'Christmas Bokeh Close-up'),(1392,1063,'Fuzzy Dragon'),(1393,1064,'Generic Bokeh Alternate'),(1394,1065,'Green Bokeh Background'),(1395,1066,'Hanging Around'),(1396,1067,'Pegs Web And Bokeh'),(1397,1068,'Candles'),(1398,1069,'The Only Way Is Up!'),(1399,1070,'Christmas Bokeh Alternate'),(1400,1071,'Image Not Defined');
/*!40000 ALTER TABLE `asset_description` ENABLE KEYS */;
UNLOCK TABLES;

--
-- Table structure for table `assets`
--

DROP TABLE IF EXISTS `assets`;
/*!40101 SET @saved_cs_client     = @@character_set_client */;
/*!40101 SET character_set_client = utf8 */;
CREATE TABLE `assets` (
  `id` int(11) NOT NULL AUTO_INCREMENT,
  `imageTitle` varchar(128) DEFAULT NULL,
  `filename` varchar(512) DEFAULT NULL,
  `cameraMake` varchar(20) DEFAULT NULL,
  `cameraModel` varchar(20) DEFAULT NULL,
  `exposureProgram` varchar(20) DEFAULT NULL,
  `iso` int(11) DEFAULT NULL,
  `creationDate` datetime DEFAULT NULL,
  `focalLength` varchar(10) DEFAULT NULL,
  `aperture` float DEFAULT NULL,
  `imageSize` varchar(15) DEFAULT NULL,
  `shutterSpeed` varchar(10) DEFAULT NULL,
  `category` varchar(20) DEFAULT NULL,
  `category_id` int(11) NOT NULL,
  `isGetty` tinyint(1) DEFAULT NULL,
  `isHDR` tinyint(1) DEFAULT NULL,
  `isBW` tinyint(1) DEFAULT NULL,
  `pjRank` int(11) DEFAULT NULL,
  `views` int(11) DEFAULT NULL,
  `timestamp` timestamp NOT NULL DEFAULT CURRENT_TIMESTAMP ON UPDATE CURRENT_TIMESTAMP,
  PRIMARY KEY (`id`)
) ENGINE=MyISAM AUTO_INCREMENT=1078 DEFAULT CHARSET=latin1;
/*!40101 SET character_set_client = @saved_cs_client */;

--
-- Dumping data for table `assets`
--

LOCK TABLES `assets` WRITE;
/*!40000 ALTER TABLE `assets` DISABLE KEYS */;
INSERT INTO `assets` (`id`, `imageTitle`, `filename`, `cameraMake`, `cameraModel`, `exposureProgram`, `iso`, `creationDate`, `focalLength`, `aperture`, `imageSize`, `shutterSpeed`, `category`, `category_id`, `isGetty`, `isHDR`, `isBW`, `pjRank`, `views`, `timestamp`) VALUES (715,'About To Pounce!','About_To_Pounce_Final_v3_1_of_1.jpg','NIKON CORPORATION','NIKON D7000','Aperture-priority AE',320,'2013-11-04 20:21:46','35.0 mm',4.5,'2644x2504','1/60','Composite ',5,0,0,1,74,51,'2018-05-01 21:01:11'),(716,'As The Crow Flies','As_the_crow_flies_Final1_of_1.jpg','NIKON','NIKON D7000','AE',100,'2014-03-21 18:38:30','40.0 mm',6.3,'5469x3071','1/125','Composite  ',5,1,1,0,80,9,'2018-01-05 09:36:34'),(717,'BMX Jump','BMXJump.jpg','NIKON','NIKON D7000','',100,'2013-05-11 14:55:39','75.0 mm',7.1,'4792x3054','1/800','Composite ',7,0,0,0,69,12,'2018-01-05 11:31:53'),(718,'Wake-up Phil!','Book_Throw_Final_1_of_1.jpg','NIKON','NIKON D7000','Auto',100,'2013-05-11 14:55:39','75.0 mm',7.1,'5048x3565','1/60','Composite ',5,0,0,0,67,111,'2018-01-05 09:36:34'),(719,'Can I Play?','CaravanSitePlayWIPFlattenedv1finalv3altcropForUpload.jpg','samsung','SM-G903F','Auto',40,'2016-08-14 08:36:12','3.7 mm',1.9,'1992x1121','1/602','Composite ',5,0,0,0,78,13,'2018-01-05 09:36:34'),(720,'Spooky Church','Church_Final2.jpg','NIKON CORPORATION','NIKON D7000','Aperture-priority AE',100,'2013-12-13 13:36:13','18.0 mm',16,'4659x3433','1/13','Composite ',5,0,0,0,100,52,'2018-09-29 15:42:45'),(721,'It\'s The End Of The World As We Know It!','Cloud_City_Final_21_of_1.jpg','NIKON CORPORATION','NIKON D7000','Aperture-priority AE',100,'2014-03-05 08:01:34','25.0 mm',16,'5847x2969','1/6','Composite ',5,0,1,0,67,11,'2018-01-05 09:36:34'),(722,'Creepy Woods','CreepyWoodsFinal_v2.3_1_of_1.jpg','NIKON CORPORATION','NIKON D7000','Aperture-priority AE',100,'2015-04-08 07:42:14','18.0 mm',16,'4731x3242','1/15','Composite  ',5,0,0,0,90,10,'2018-01-05 09:36:34'),(723,'The Way','Delivery_Final_v11_of_1.jpg','','NIKON D7000','',100,'2014-08-27 07:30:44','18.0 mm',16,'5368x3353','1/4','Composite ',5,0,0,0,72,9,'2018-01-05 09:36:34'),(724,'Off To Work','Driving_To_Work_Final_Maybe_1_of_1.jpg','','NIKON D7000','',100,'2013-07-26 06:29:48','40.0 mm',16,'3002x3114','1/80','Composite  ',5,0,1,0,62,12,'2018-01-05 09:36:34'),(725,'Close Call','Empty_M6_Prject_with_emiratesv2final1_of_1.jpg','NIKON CORPORATION','NIKON D7000','',200,'2013-05-04 11:59:50','18.0 mm',22,'2011x983','25','Composite   ',5,0,1,0,43,10,'2018-01-05 09:36:34'),(726,'Reach For The Sky','Flying_High_6_1_of_1.jpg','NIKON CORPORATION','NIKON D7000','',200,'2012-07-04 22:33:03','18.0 mm',22,'4772x3077','','Composite  ',5,0,1,0,64,9,'2018-01-05 09:36:34'),(727,'Fly Me To The Moon','Fly_Me_to_the_Moon_v2_1_of_1.jpg','NIKON CORPORATION','NIKON D7000','AE',100,'2015-02-05 22:05:19','300.0 mm',16,'2138x2138','1/5','Composite ',5,0,0,0,77,11,'2018-04-25 15:07:15'),(728,'Moon Lit Walk','Halloween2014Finalv1.jpg','NIKON CORPORATION','NIKON D7000','Aperture-priority AE',100,'2014-01-11 15:15:59','18.0 mm',16,'4320x3108','1/640','Composite ',5,0,0,0,84,9,'2018-01-05 09:36:34'),(729,'Heaven\'s Open','Heavens_Open_Final_1_of_1.jpg','NIKON CORPORATION','NIKON D7000','Aperture-priority AE',100,'2014-03-21 18:38:08','105.0 mm',6.3,'5226x3351','1/1250','Composite ',5,0,0,0,82,11,'2018-04-25 15:07:09'),(730,'Would You Want To Go Down To The Woods Today?','If_You_Go_Down_To_The_Woods_Today_1_of_1_Finalv2.6.jpg','Nikon','NIKON D7000','',100,'2015-01-04 12:27:15','18.0 mm',16,'1869x1018','1/50','Composite ',5,0,1,0,100,318,'2018-04-25 15:05:48'),(731,'In A World Of Make Believe','In_A_World_Of_Make_Believe_2.jpg','NIKON CORPORATION','NIKON D7000','Aperture-priority AE',100,'2013-12-05 18:43:21','30.0 mm',16,'5799x3103','30','Composite   ',5,1,0,0,65,11,'2018-01-05 09:36:34'),(732,'Out Of The Frame','I_Want_To_Break_Free.jpg','','NIKON D7000','',100,'2013-05-11 14:55:39','75.0 mm',7.1,'7881x4696','1/800','Composite ',5,0,0,0,80,28,'2018-01-05 09:36:34'),(733,'Kapow!','Kerpow3_with_explosion_v3_1_of_1.jpg','NIKON CORPORATION','NIKON D7000','Aperture-priority AE',640,'2016-02-27 16:44:11','18.0 mm',6.3,'3192x4840','1/250','Composite ',5,0,0,0,65,20,'2018-01-05 09:36:34'),(734,'Lights Will Guide You Home','LIghts_Will_Guide_You_V3.jpg','','NIKON D7000','',100,'2012-11-11 18:35:49','18.0 mm',16,'5545x2885','10','Composite ',5,1,1,0,100,51,'2018-06-16 10:05:41'),(735,'Lost In Technology','Lost_In_Technology_Final_1_of_1.jpg','NIKON CORPORATION','NIKON D7000','Aperture-priority AE',250,'2015-05-25 09:35:49','100.0 mm',20,'5179x2940','0.6','Composite ',5,0,0,0,55,13,'2018-01-05 09:36:34'),(736,'Life In The Fast Lane','M6_Light_Trails_V2_With_Moon_1_of_1.jpg','NIKON CORPORATION','NIKON D7000','',160,'2013-09-23 20:08:17','18.0 mm',16,'4827x3197','76','Composite ',5,0,0,0,85,10,'2018-01-05 09:36:34'),(737,'Merry Christmas','Merry_Christmas_2013__V3.jpg','','NIKON D7000','',100,'2013-01-26 13:00:22','18.0 mm',16,'4867x3286','1/60','Composite ',5,0,0,0,74,10,'2018-01-05 09:36:34'),(738,'Merry Christmas Alternate','Merry_Christmas_Fina_v2l.jpg','NIKON CORPORATION','NIKON D7000','',200,'2013-12-24 17:14:53','50.0 mm',3.2,'4780x3346','1.3','Composite   ',5,0,0,1,68,15,'2018-01-05 09:36:34'),(739,'Moon Lit St Mary\'s','MoonLightStMary.jpg','','NIKON D7000','',100,'2013-02-23 16:15:40','18.0 mm',16,'4913x3256','1/20','Composite ',5,0,0,0,100,55,'2018-08-30 18:43:01'),(740,'Moon Lit Walk Alternate','Moonlit_Walkjpg.jpg','NIKON CORPORATION','NIKON D7000','Aperture-priority AE',100,'2014-01-11 15:15:59','18.0 mm',16,'2020x1322','1/640','Composite ',5,0,0,1,77,10,'2018-01-05 09:36:34'),(741,'Chop!','Oli_and_Alfi_1_of_1.jpg','NIKON CORPORATION','NIKON D7000','Aperture-priority AE',640,'2012-06-30 09:47:11','105.0 mm',7.1,'4407x2907','1/1250','Composite ',5,0,0,0,44,14,'2018-01-05 09:36:34'),(742,'Piano Run','Piano_Run_Final_1_of_1.jpg','NIKON CORPORATION','NIKON D7000','Aperture-priority AE',500,'2014-05-10 15:49:12','50.0 mm',1.8,'3533x3339','1/640','Composite ',5,0,0,0,47,9,'2018-01-05 09:36:34'),(743,'Reach For The Sky Alternate','Reach_For_The_Sky_V4_Final1_of_1.jpg','','NIKON D7000','',100,'2012-10-01 18:28:00','18.0 mm',16,'4574x3061','1/10','Composite ',5,0,0,0,76,11,'2018-04-25 15:07:15'),(744,'Run Away!','Run_Away_Infrared_V21_of_1.jpg','','NIKON D7000','',100,'2012-10-27 13:48:56','18.0 mm',16,'4943x3278','1/50','Composite  ',5,1,1,0,100,66,'2018-09-23 22:49:56'),(745,'Heaven\'s Open Alternate','SailingAwayVersion3_1_of_1.jpg','NIKON CORPORATION','NIKON D7000','Aperture-priority AE',100,'2014-03-21 18:38:08','105.0 mm',6.3,'4712x2970','1/1250','Composite ',5,0,0,0,62,10,'2018-01-05 09:36:34'),(746,'The Art Of Levitation','The_Art_of_Levitation_getty.jpg','','NIKON D7000','',100,'2014-02-02 14:15:27','18.0 mm',16,'5188x3171','1/60','Composite ',5,0,0,0,54,11,'2018-01-05 09:36:34'),(747,'The Coffee Cup','TheCoffeeCupFinal.jpg','SAMSUNG','GT-I9300','Aperture-priority AE',80,'2015-03-29 15:40:30','3.7 mm',2.6,'3264x2448','1/100','Composite ',5,0,0,0,43,57,'2018-01-05 09:36:34'),(748,'The Magical Path','The_Distorted_Forest_Final_V5_Figure_Added_With_Flare_Flipped.jpg','NIKON CORPORATION','NIKON D7000','Aperture-priority AE',100,'2014-01-03 13:38:30','48.0 mm',16,'4985x3209','1/4','Composite  ',5,0,0,1,94,32,'2018-04-25 15:06:48'),(749,'The Evil Eye Of The Storm','The_Evil_Eye_Of_The_Storm_Version_3_1_of_1.jpg','','NIKON D7000','',100,'2013-04-29 11:25:50','18.0 mm',16,'4279x2821','1/80','Composite ',5,0,1,0,73,10,'2018-01-05 09:36:34'),(750,'The Haunted Forest','The_Ghost_Of_Delamere_Final_1_of_1.jpg','NIKON CORPORATION','NIKON D7000','',320,'2014-10-19 11:18:11','18.0 mm',18,'5213x3453','20','Composite ',5,0,0,1,34,21,'2018-01-05 09:36:34'),(751,'The Great Escape','The_Great_Escape_Final_Final_1_of_1.jpg','','NIKON D7000','',100,'2013-10-29 17:13:24','18.0 mm',16,'4205x2969','1/13','Composite ',5,0,0,0,65,9,'2018-01-05 09:36:34'),(752,'The Magic of The Seaside','TheMagicOfTheSeaside._Final.jpg','','NIKON D7000','',100,'2014-02-21 15:28:50','18.0 mm',8,'5492x3641','1/250','Composite ',5,0,1,0,77,22,'2018-09-29 15:43:11'),(753,'Tread Carefully','TreadCarefully-Finalv3.jpg','NIKON CORPORATION','NIKON D7000','Aperture-priority AE',320,'2013-04-06 11:01:41','70.0 mm',4.5,'4920x3150','1/800','Composite ',5,0,1,0,100,616,'2018-09-29 15:43:53'),(754,'Ajar..','Ajar_Version_2_21_of_1.jpg','NIKON CORPORATION','NIKON D7000','',100,'2013-10-14 20:42:14','18.0 mm',11,'2734x4625','28','Graphics ',8,0,0,0,45,14,'2018-01-05 09:37:12'),(755,'Blazing Lights','Christmas_Tree_2-8548.jpg','NIKON CORPORATION','NIKON D7000','',250,'2012-12-09 16:16:53','18.0 mm',22,'5213x3453','37','Graphics ',8,0,0,0,15,15,'2018-01-05 09:37:12'),(756,'Crossing Over','CrossingOver.jpg','NIKON CORPORATION','NIKON D7000','Aperture-priority AE',100,'2012-11-08 18:37:35','18.0 mm',16,'5473x3289','30','Graphics ',8,0,0,0,87,10,'2018-01-05 09:37:12'),(757,'New Year Message','HappyNewYearFinal.jpg','NIKON CORPORATION','NIKON D7000','Aperture-priority AE',100,'2013-01-08 07:20:19','18.0 mm',16,'4134x2148','20','Graphics  ',8,0,0,0,15,30,'2018-01-05 09:37:12'),(758,'Wall Painting','Human_League_full_res1_of_1.jpg','NIKON CORPORATION','NIKON D7000','Aperture-priority AE',100,'2016-03-12 18:29:05','30.0 mm',16,'4889x3242','1/5','Graphics ',8,0,0,0,17,13,'2018-01-05 09:37:12'),(759,'I Can\'t See Clearly Now!','I_cant_See_Clearly_Now.jpg','NIKON CORPORATION','NIKON D7000','Aperture-priority AE',800,'2014-02-12 18:39:38','40.0 mm',18,'5127x3120','0.8','Graphics ',8,0,0,0,29,12,'2018-01-05 09:37:12'),(760,'Just Like A Mirror','Just_Like_A_Mirror_V2.jpg','NIKON CORPORATION','NIKON D7000','Aperture-priority AE',100,'2013-12-08 17:21:43','30.0 mm',16,'8021x3503','5','Graphics ',8,0,0,0,77,20,'2018-04-25 15:07:14'),(761,'Late!','Late_Final.jpg','NIKON CORPORATION','NIKON D7000','Aperture-priority AE',320,'2013-06-28 07:39:51','50.0 mm',1.8,'4286x3732','1/400','Graphics ',8,0,0,0,82,16,'2018-01-05 09:37:12'),(762,'Light Streaks','LightsFinal_1_of_1.jpg','NIKON CORPORATION','NIKON D7000','Aperture-priority AE',100,'2015-08-25 21:15:00','18.0 mm',16,'5326x3379','30','Graphics ',8,0,0,0,17,54,'2018-01-05 09:37:12'),(763,'Luke And Darth Lego','Luke_And_Darth_Final_Crop_1_of_1.jpg','NIKON CORPORATION','NIKON D7000','',640,'2012-10-08 21:22:37','50.0 mm',13,'5774x3116','0.5','Graphics ',8,0,0,0,37,18,'2018-01-05 09:37:12'),(764,'My World','MyWorldValentine.jpg','','NIKON D7000','',100,'2012-12-06 07:47:41','18.0 mm',16,'7424x6424','8','Graphics ',8,0,0,0,55,14,'2018-01-05 09:37:12'),(765,'Light Sabre Chop','Oliver_Alfie_Battle_Added.jpg','NIKON CORPORATION','NIKON D7000','Aperture-priority AE',640,'2012-06-30 09:47:11','105.0 mm',7.1,'4928x3264','1/1250','Graphics ',8,0,0,0,15,27,'2018-01-05 09:37:12'),(767,'Virtual Reality Part 2','Reflections_Again.jpg','','NIKON D7000','',100,'2013-04-25 06:02:56','18.0 mm',16,'4794x3388','1/6','Graphics ',8,0,0,0,79,28,'2018-01-05 09:37:12'),(768,'My World Salford Quays','Reflections_Final_More_3_final1_of_1.jpg','','NIKON D7000','',100,'2013-04-25 06:02:57','18.0 mm',16,'10446x10446','1/6','Graphics  ',8,0,0,0,33,13,'2018-01-05 09:37:12'),(769,'My World Salford Quays II','Salford_Quays_World1_of_1.jpg','','NIKON D7000','',100,'2013-06-19 07:27:22','18.0 mm',16,'15471x11815','1/30','Graphics ',8,0,1,0,53,11,'2018-01-05 09:37:12'),(770,'Image Not Defined','Salford_Quays_World_v6b_big_res_1_of_1.jpg','','NIKON D7000','',100,'2013-06-19 07:27:22','18.0 mm',16,'9570x9569','1/30','Graphics',8,0,0,0,100,6,'2018-01-05 09:37:12'),(771,'Still Not Lovin\' It!','Still_Not_Lovin_It_V4_1_of_1.jpg','NIKON CORPORATION','NIKON D7000','Aperture-priority AE',100,'2012-11-21 08:43:43','30.0 mm',9,'5287x3404','3','Graphics ',8,0,0,0,16,41,'2018-01-05 09:37:12'),(772,'Virtual Reality','VirtualReality.jpg','','NIKON D7000','',100,'2012-12-12 07:47:17','18.0 mm',16,'4809x2623','10','Graphics     ',8,1,1,0,100,68,'2018-09-24 21:43:40'),(773,'A Brand New Day','A_brand_new_Day_Final1_of_1.jpg','NIKON CORPORATION','NIKON D7000','Aperture-priority AE',100,'2014-10-08 07:47:23','18.0 mm',10,'5213x3298','1/200','Landscape ',1,1,1,0,86,12,'2018-05-01 21:01:00'),(774,'Across The Mere ','Accross_The_Mere_1_of_1.jpg','NIKON','NIKON D7000','',100,'2014-10-08 07:47:23','18.0 mm',16,'6025x2655','1/125','Landscape ',1,0,1,0,12,22,'2018-01-05 09:34:41'),(775,'After The Rain','After_The_Rainfinal__1_of_1.jpg','','NIKON D7000','',100,'2013-10-14 15:25:36','18.0 mm',16,'4819x3278','1/125','Landscape ',1,0,1,1,62,23,'2018-01-05 09:34:41'),(776,'A Morning Walk','A_Morning_Walk_Final__1_of_1.jpg','','NIKON D7000','',100,'2014-04-11 07:13:51','30.0 mm',16,'5555x3599','1/200','Landscape   ',1,0,0,0,89,94,'2018-05-01 21:01:04'),(777,'A New Day','A_New_Day_21_of_1.jpg','','NIKON D7000','',100,'2013-03-20 07:23:12','58.0 mm',16,'4155x2896','1/100','Landscape  ',1,1,1,0,99,88,'2018-05-01 21:01:05'),(778,'A Nice View','A_Nice_View_Final_1_of_1.jpg','NIKON CORPORATION','NIKON D7000','Aperture-priority AE',250,'2014-05-27 11:15:34','18.0 mm',3.5,'4501x3012','1/800','Landscape ',1,0,0,0,94,48,'2018-10-02 17:12:52'),(779,'Apartments ','Apartments_Final_II_1_of_1.jpg','','NIKON D7000','',100,'2012-11-27 07:39:01','50.0 mm',16,'5209x3455','6','Landscape ',1,0,1,0,49,9,'2018-01-05 09:34:41'),(780,'Autumnal Afternoon','Autumn_Afternoon_Final.jpg','','NIKON D7000','',100,'2013-11-23 14:00:57','58.0 mm',16,'5040x2877','1/15','Landscape ',1,0,1,0,77,9,'2018-01-05 09:34:41'),(781,'Autumnal Afternoon Infra Red','Autumn_Afternoon_Infra.jpg','','NIKON D7000','',100,'2013-11-23 14:00:57','58.0 mm',16,'5043x3171','1/15','Landscape ',1,0,1,0,38,12,'2018-01-05 09:34:41'),(782,'Autumn\'s Walk','Autumns_Walk_Final_V2.jpg','','NIKON D7000','',100,'2013-11-23 14:00:05','105.0 mm',16,'4771x3168','1/13','Landscape ',1,1,1,0,94,35,'2018-07-06 09:25:41'),(783,'The Beeb','BBC_Unseen_Final_1_of_1.jpg','','NIKON D7000','',100,'2013-04-19 06:16:37','45.0 mm',16,'4945x3277','1/20','Landscape ',1,0,0,0,32,27,'2018-01-05 09:34:41'),(784,'Beeston Castle','Beeston_Castle_V4_1_of_1.jpg','','NIKON D7000','',100,'2013-07-06 14:01:50','50.0 mm',16,'4946x3278','1/80','Landscape ',1,0,1,0,81,14,'2018-01-05 09:34:41'),(785,'When I\'m Feeling Blue','Blue_Hour_Salford_Quays_V4_1_of_1.jpg','','NIKON D7000','',100,'2013-01-29 07:15:36','18.0 mm',16,'4715x3000','30','Landscape   ',1,0,1,0,95,32,'2018-04-25 15:06:28'),(786,'Bridge 176 Infra Red','Bridge_176_1_of_1.jpg','','NIKON D7000','',100,'2013-06-10 12:54:20','18.0 mm',16,'3607x2792','1/60','Landscape ',1,0,1,0,23,14,'2018-01-05 09:34:41'),(787,'Bridge Bokeh','Bridge_Bokeh_1_of_1.jpg','','NIKON D7000','',100,'2013-06-10 12:54:20','70.0 mm',5.3,'4871x3249','1/320','Landscape ',1,0,0,1,65,34,'2018-01-05 09:34:41'),(788,'The Original Internet','Britain_6-.jpg','','NIKON D7000','',100,'2013-06-10 12:54:20','18.0 mm',16,'5080x3542','1/30','Landscape ',1,0,0,0,81,9,'2018-01-05 09:34:41'),(790,'Canal Boat A Comin\'','Canal_Boat_Acomin_Final_1_of_1.jpg','','NIKON D7000','',100,'2013-06-10 12:54:20','52.0 mm',16,'4430x3279','0.8','Landscape ',1,0,0,0,29,10,'2018-01-05 09:34:41'),(791,'Canal Reflections','Canal_Reflection_June2016_1_of_1BigResUpload.jpg','NIKON CORPORATION','NIKON D7000','Aperture-priority AE',100,'2016-06-22 21:18:44','38.0 mm',16,'1947x1290','1/50','Landscape ',1,0,1,0,81,13,'2018-01-05 09:34:41'),(792,'Canal Reflections ','Canal_Reflections_3_1_of_1.jpg','','NIKON D7000','',100,'2014-06-10 21:11:52','18.0 mm',16,'4839x2746','1/6','Landscape ',1,0,0,0,29,11,'2018-01-05 09:34:41'),(793,'Canal Scene','Canal_Scene_One_Shot_1_of_1.jpg','NIKON CORPORATION','NIKON D7000','Aperture-priority AE',640,'2016-02-14 14:52:12','100.0 mm',4.5,'4928x3264','1/2000','Landscape ',1,0,0,0,45,14,'2018-05-01 21:01:39'),(794,'Canal Sunrise','Canal_Sunrise_2_Final_1_of_1.jpg','NIKON CORPORATION','NIKON D7000','Aperture-priority AE',100,'2015-02-23 08:45:06','24.0 mm',16,'5883x3058','1/100','Landscape ',1,0,0,0,56,10,'2018-01-05 09:34:41'),(795,'Canal Sunset','Canal_Walk_HDR_Sharpened_Final1_of_1.jpg','NIKON CORPORATION','NIKON D7000','Aperture-priority AE',100,'2014-07-06 20:55:31','32.0 mm',16,'5541x3248','1/50','Landscape  ',1,0,0,0,96,46,'2018-09-03 02:23:16'),(796,'Casting A Shadow','Casting_A_Shadow_Final_Split_Tone_SF_Add.jpg','','NIKON D7000','',100,'2013-02-18 12:34:30','18.0 mm',16,'4313x2831','1/100','Landscape ',1,0,0,0,78,10,'2018-01-05 09:34:41'),(797,'Catch Me If You Can','Catch_Me_If_You_Can_Mono.jpg','','NIKON D7000','',100,'2012-09-02 16:30:29','18.0 mm',16,'4423x3616','','Landscape ',1,0,1,1,79,32,'2018-01-05 09:34:41'),(798,'Centenary Bridge','CentenaryBridge_TS_v1_1_of_1.jpg','','NIKON D7000','',100,'2013-05-07 06:29:09','105.0 mm',13,'4936x3275','15','Landscape ',1,0,1,0,22,37,'2018-01-05 09:34:41'),(799,'Chester Street','Chester_Street_Final_1_of_1.jpg','NIKON CORPORATION','NIKON D7000','Aperture-priority AE',100,'2013-10-06 15:04:33','18.0 mm',16,'4928x3264','1/60','Landscape ',1,0,1,0,88,11,'2018-04-25 15:06:57'),(800,'Chester Street Sepia','Chester_Street_Final_Sepia_For_My_Friend_1_of_1.jpg','NIKON CORPORATION','NIKON D7000','Aperture-priority AE',100,'2013-10-06 15:04:33','18.0 mm',16,'4928x3264','1/60','Landscape ',1,0,1,0,92,10,'2018-01-05 09:34:41'),(801,'Image Not Defined','Choices_SB_final_1_of_1.jpg','','NIKON D7000','',100,'2013-07-09 06:37:22','18.0 mm',16,'4295x3276','1/50','Landscape',1,0,0,0,100,6,'2018-01-05 09:34:41'),(802,'Christmas Time','Christmas_Time_1_of_1.jpg','','NIKON D7000','',100,'2013-06-10 12:54:20','',16,'4295x3276','1/50','Landscape ',1,0,0,0,64,10,'2018-01-05 09:34:41'),(803,'Wandering Lonely','CLouds_Final1_of_1.jpg','NIKON CORPORATION','NIKON D7000','Aperture-priority AE',100,'2012-10-13 12:42:40','18.0 mm',16,'4907x2899','1/100','Landscape  ',1,1,1,1,99,156,'2018-09-23 22:49:56'),(804,'Country Lane','Country_Lane_Morning_Light_Final_1_of_1.jpg','','NIKON D7000','',100,'2013-07-09 06:42:33','21.0 mm',16,'4544x3120','1/50','Landscape ',1,0,0,0,55,11,'2018-01-05 09:34:41'),(805,'Country Road','Country_Road_1_of_1.jpg','','NIKON D7000','',100,'2013-07-09 06:42:33','18.0 mm',16,'4815x2524','1/125','Landscape ',1,0,0,0,35,30,'2018-01-05 09:34:41'),(806,'Cows On A Hill','Cows_on_a_Field_1_of_1.jpg','NIKON CORPORATION','NIKON D7000','Aperture-priority AE',100,'2013-05-02 05:53:09','105.0 mm',16,'4928x3264','1/400','Landscape ',1,1,0,0,79,14,'2018-01-05 09:34:41'),(807,'Cycling The Canal','Cycling_The_Canal_final_1_of_1.jpg','','NIKON D7000','',100,'2014-04-11 07:08:38','40.0 mm',16,'4764x2938','1/80','Landscape ',1,1,1,0,94,32,'2018-04-25 15:06:49'),(808,'Overpowering Trees','DecWalkPanoramaSharpenedv2Upload.jpg','NIKON CORPORATION','NIKON D7000','Aperture-priority AE',100,'2016-12-29 11:17:47','18.0 mm',16,'2424x2474','1/25','Landscape ',1,0,1,0,22,22,'2018-01-05 09:34:41'),(809,'Breakthrough!','DecWalkWoods1_FinalUpload1_of_1.jpg','NIKON CORPORATION','NIKON D7000','Aperture-priority AE',100,'2016-12-29 11:21:22','18.0 mm',16,'2052x1539','1/4','Landscape ',1,0,1,1,99,103,'2018-09-29 15:45:09'),(810,'The Magical Woods','DecWalkWoods2_HDR_PaintUpload1_of_1.jpg','NIKON CORPORATION','NIKON D7000','Aperture-priority AE',100,'2016-12-29 11:19:34','18.0 mm',16,'2248x1490','1/15','Landscape ',1,0,1,0,89,10,'2018-01-05 09:34:41'),(811,'Autumn\'s Coming Soon','Delamere_Oct_2014_Tree_1_of_1.jpg','','NIKON D7000','',100,'2016-12-29 11:19:34','28.0 mm',9,'5210x3454','1/13','Landscape ',1,0,1,0,93,30,'2018-09-19 11:44:24'),(812,'The Magical Forest','DistortedForrest.jpg','','NIKON D7000','',100,'2015-01-25 11:45:41','18.0 mm',16,'5211x3127','1/6','Landscape ',1,0,1,0,84,10,'2018-01-05 09:34:41'),(813,'Please Don\'t Go!','Dont_go_daddy_final_v21_of_1.jpg','NIKON CORPORATION','NIKON D7000','Aperture-priority AE',100,'2016-02-28 16:52:39','105.0 mm',16,'3192x2467','1/160','Landscape ',1,0,0,1,63,10,'2018-01-05 09:34:41'),(814,'Don\'t Look Into The Sun','Dont_Look_Into_The_Sun_Version_3_1_of_1.jpg','NIKON CORPORATION','NIKON D7000','Aperture-priority AE',200,'2013-08-21 07:04:01','24.0 mm',3.8,'3486x2508','1/6400','Landscape ',1,0,0,0,91,17,'2018-04-25 15:06:55'),(815,'Dual Flare','Dual_Flare_BW_1_of_1.jpg','','NIKON D7000','',100,'2013-07-09 06:42:33','18.0 mm',16,'5082x3541','1/125','Landscape ',1,0,1,1,71,10,'2018-01-05 09:34:41'),(816,'Waiting','Dubai_MKIII_1_of_1.jpg','','NIKON D7000','',100,'2013-07-09 06:42:33','26.0 mm',16,'4763x3094','1/20','Landscape ',1,0,1,0,95,32,'2018-04-25 15:06:28'),(817,'Eccles Morning Trails','Eccles_Traills_V6_1_of_1.jpg','','NIKON D7000','',100,'2013-01-30 07:19:55','18.0 mm',16,'4198x2937','20','Landscape ',1,0,1,0,53,12,'2018-01-05 09:34:41'),(818,'An Egyptian Sunset','Egyptian_Sunset_1_of_1.jpg','NIKON CORPORATION','NIKON D7000','Aperture-priority AE',250,'2014-08-07 17:13:37','35.0 mm',16,'5976x3496','1/2500','Landscape ',1,0,0,0,68,21,'2018-01-05 09:34:41'),(819,'Every Cloud ','Every_Cloud_1_of_1.jpg','NIKON CORPORATION','NIKON D7000','Aperture-priority AE',100,'2013-10-09 17:59:48','42.0 mm',20,'4294x2239','1/500','Landscape  ',1,0,0,0,83,20,'2018-04-25 15:07:08'),(820,'Exterminate!!','Exterminate_Final__1_of_1.jpg','NIKON CORPORATION','NIKON D7000','Aperture-priority AE',100,'2014-08-26 20:01:48','105.0 mm',16,'5500x3222','1/160','Landscape ',1,0,0,0,44,10,'2018-01-05 09:34:41'),(821,'Falling','Falling_Final.jpg','','NIKON D7000','',100,'2013-10-14 15:27:47','18.0 mm',16,'3795x3092','1/60','Landscape ',1,0,0,0,98,44,'2018-10-07 22:23:15'),(822,'The Farm','Farming_Final_V7_1_of_1.jpg','NIKON CORPORATION','NIKON D7000','Aperture-priority AE',100,'2013-05-02 05:51:05','105.0 mm',16,'3858x2630','1/500','Landscape ',1,0,0,1,91,14,'2018-04-25 15:06:55'),(823,'Flooded','FenceFriday_1_of_1.jpg','','NIKON D7000','',100,'2013-07-09 06:42:33','38.0 mm',16,'5886x3397','2','Landscape ',1,0,0,1,72,14,'2018-01-05 09:34:41'),(824,'Field of Wheat','Field_of_Wheat_Final_Normal1_of_1.jpg','','NIKON D7000','',100,'2013-08-01 17:41:47','18.0 mm',16,'4594x3046','1/60','Landscape ',1,0,1,0,73,17,'2018-01-05 09:34:41'),(825,'Fog In The Park','Fog_in_The_Park_Final_1_of_1.jpg','NIKON CORPORATION','NIKON D7000','Aperture-priority AE',100,'2013-10-15 08:02:37','18.0 mm',16,'4706x3264','1/60','Landscape ',1,0,1,0,85,11,'2018-04-25 15:07:02'),(826,'The Forest In Summertime','Forrest_1_of_1.jpg','','NIKON D7000','',100,'2014-06-01 11:38:07','18.0 mm',16,'4595x3046','1/20','Landscape ',1,0,1,0,65,13,'2018-01-05 09:34:41'),(827,'The Forest In Summertime Alternate','Forrest_Final_Burst1_of_1.jpg','','NIKON D7000','',100,'2014-06-01 11:38:07','18.0 mm',16,'4595x3046','1/20','Landscape ',1,0,1,0,97,41,'2018-04-25 15:06:24'),(828,'Framing The Quays','Framing_The_Quays_Final_1_of_1.jpg','NIKON CORPORATION','NIKON D7000','Aperture-priority AE',100,'2013-01-29 07:12:26','18.0 mm',16,'4928x3200','30','Night',3,0,0,0,96,58,'2018-01-05 09:36:01'),(829,'The Golden Bench','GoldenBench_4_1_of_1.jpg','','NIKON D7000','',100,'2013-07-09 06:42:33','18.0 mm',16,'4532x2856','1/80','Landscape ',1,0,1,0,79,14,'2018-06-08 08:31:45'),(830,'Flooded Fence','Happy_minature_reflected_Fence_Friday.jpg','','NIKON D7000','',100,'2013-08-07 06:39:07','50.0 mm',16,'4882x3084','1/13','Landscape ',1,0,0,0,57,21,'2018-01-05 09:34:41'),(831,'Wandering Lonely With Fence','HFF_June_v3_1_of_1.jpg','','NIKON D7000','',100,'2014-06-01 11:35:29','18.0 mm',16,'4596x3046','1/50','Landscape  ',1,0,1,0,83,11,'2018-04-25 15:07:08'),(832,'Silhouetted Bridge ','HFF_Silhou.jpg','NIKON CORPORATION','NIKON D7000','Aperture-priority AE',100,'2013-12-28 14:48:50','25.0 mm',16,'6083x2630','1/50','Landscape ',1,0,0,0,54,18,'2018-01-05 09:34:41'),(833,'Home On The Range','Home_on_The_Range_2_1_of_1.jpg','NIKON CORPORATION','NIKON D7000','Aperture-priority AE',100,'2014-07-06 20:40:56','38.0 mm',16,'4516x3100','1/100','Landscape ',1,0,0,0,76,24,'2018-01-05 09:34:41'),(834,'Industrial Dawn','Industrial_Dawn_Final_2-.jpg','','NIKON D7000','',100,'2012-11-28 07:36:29','58.0 mm',16,'5502x3271','1.3','Landscape ',1,0,1,0,48,10,'2018-01-05 09:34:41'),(835,'Infra Infinity','Infinit_Infra_1_of_1.jpg','','NIKON D7000','',100,'2013-08-08 07:26:33','18.0 mm',16,'5417x3486','1/60','Landscape ',1,0,1,0,98,162,'2018-01-05 09:34:41'),(836,'Into The Sunset','Into_The_Sun_Set_Req_SB_Final_Funky_21_of_1.jpg','','NIKON D7000','',100,'2014-07-06 20:55:07','18.0 mm',16,'4595x3046','1/25','Landscape ',1,0,0,0,85,10,'2018-01-05 09:34:41'),(837,'See, It Does Rain In Mallorca!','It_Does_Rain_In_Mallorca_V8_1_of_1.jpg','NIKON CORPORATION','NIKON D7000','',320,'2013-08-26 09:28:27','18.0 mm',3.5,'4263x3040','1/80','Landscape ',1,0,0,0,74,13,'2018-01-05 09:34:41'),(838,'It\'s A New Day','Its_A_New_Day_Final-.jpg','','NIKON D7000','',100,'2012-12-06 07:43:28','18.0 mm',16,'5210x3454','8','Landscape ',1,0,1,0,95,69,'2018-09-23 22:49:56'),(839,'It\'s Good For The Gardens','Its_Good_For_The_Gardens_Final_1_of_1.jpg','NIKON CORPORATION','NIKON D7000','',400,'2014-06-08 18:09:55','98.0 mm',14,'4597x3045','1/80','Landscape ',1,1,0,0,90,20,'2018-04-25 15:06:56'),(840,'Llandudno ','LLandudoPano1.jpg','','NIKON D7000','',100,'2014-01-12 14:41:01','18.0 mm',16,'5809x2754','1/25','Landscape ',1,0,1,0,98,66,'2018-01-05 09:34:41'),(841,'Looking Out To Liverpool','Looking_Out_To_Liverpool_3_1_of_1.jpg','','NIKON D7000','',100,'2013-02-02 13:31:42','105.0 mm',5.6,'4492x2911','1/800','Landscape ',1,0,1,1,84,14,'2018-09-24 15:30:06'),(842,'Looking Towards Snowdon','Looking_Towards_Snowdon_1_of_1.jpg','NIKON CORPORATION','NIKON D7000','Aperture-priority AE',250,'2014-05-27 15:33:51','18.0 mm',5.6,'4818x2905','1/1250','Landscape ',1,0,1,0,79,11,'2018-01-05 09:34:41'),(843,'Just Another Manic Monday!','M6_Maddness_1_of_1.jpg','NIKON CORPORATION','NIKON D7000','Aperture-priority AE',100,'2014-10-08 07:43:17','18.0 mm',10,'5213x3453','1/30','Landscape ',1,1,0,0,77,10,'2018-04-25 15:07:14'),(844,'The Magical Forest Alternate','MagicalForestWideCrop4by3Upload.jpg','NIKON CORPORATION','NIKON D7000','Aperture-priority AE',100,'2016-12-29 11:17:36','18.0 mm',16,'2112x1584','1/8','Landscape ',1,0,0,0,67,10,'2018-01-05 09:34:41'),(845,'Man\'s best friend','Mans_best_friend_final1_of_1.jpg','NIKON CORPORATION','NIKON D7000','Aperture-priority AE',500,'2016-02-28 18:05:08','105.0 mm',5.6,'4050x2091','1/8000','Landscape ',1,0,0,0,97,24,'2018-09-23 22:49:56'),(846,'Men At Work','Men_At_Work.jpg','NIKON CORPORATION','NIKON D7000','Aperture-priority AE',200,'2013-01-18 07:26:20','105.0 mm',5.6,'2673x1449','1/1600','Landscape ',1,0,0,1,88,12,'2018-04-25 15:06:57'),(847,'Tuesday Afternoon','Middlewich2Finalver.jpg','NIKON CORPORATION','NIKON D7000','Aperture-priority AE',100,'2016-02-05 13:14:38','30.0 mm',16,'4796x3084','1/20','Landscape ',1,0,0,1,59,20,'2018-01-05 09:34:41'),(848,'Misty Morning','Misty_Mornning_Final_1_of_1.jpg','NIKON CORPORATION','NIKON D7000','Aperture-priority AE',100,'2015-04-08 07:36:38','28.0 mm',16,'5210x3454','1/125','Landscape ',1,0,1,0,77,20,'2018-01-05 09:34:41'),(849,'Walking To Work','Misty_Walker_1_of_1.jpg','NIKON CORPORATION','NIKON D7000','Aperture-priority AE',100,'2013-03-14 07:31:39','70.0 mm',16,'1758x2665','1/125','Landscape ',1,0,0,1,57,12,'2018-01-05 09:34:41'),(850,'Model Boat','Model_Boat_v1_1_of_1.jpg','','NIKON D7000','',100,'2014-09-04 07:08:24','42.0 mm',16,'5073x3324','1/6','Landscape ',1,0,0,0,84,10,'2018-01-05 09:34:41'),(851,'Moon River','Moon_River.jpg','','NIKON D7000','',100,'2014-07-06 20:55:07','18.0 mm',16,'4595x3046','1/25','Landscape ',1,0,1,0,83,10,'2018-04-25 15:07:08'),(852,'The Morning Fog','Morning_fog1_sharper__final1_of_1.jpg','NIKON CORPORATION','NIKON D7000','Aperture-priority AE',100,'2015-04-08 07:37:37','105.0 mm',16,'4816x2950','1/800','Landscape ',1,0,0,0,76,12,'2018-01-05 09:34:41'),(853,'The Morning Path','Morning_Path_1_of_1.jpg','','NIKON D7000','',100,'2013-07-09 06:42:33','38.0 mm',16,'5291x3779','1/80','Landscape ',1,0,0,0,55,10,'2018-01-05 09:34:41'),(854,'Where Angels Fear To Tread','Morning_Walk_Final_v2_1_of_1.jpg','','NIKON D7000','',100,'2015-01-04 12:01:37','18.0 mm',16,'5495x3276','1/40','Graphics',8,0,1,0,97,47,'2018-09-23 22:49:56'),(855,'My Reflection Is Muddled','My_Reflection_is_Muddled_split_1_of_1.jpg','','NIKON D7000','',100,'2013-07-09 06:42:33','18.0 mm',16,'3606x3199','1/80','Landscape ',1,0,0,1,71,12,'2018-01-05 09:34:41'),(856,'One Way Or The Other','One_Way_Or_The_Other_1_of_1.jpg','NIKON CORPORATION','NIKON D7000','Aperture-priority AE',200,'2013-08-21 07:05:39','35.0 mm',4.5,'4213x3139','1/3200','Landscape ',1,0,0,1,99,137,'2018-07-06 10:23:49'),(857,'On The Fall Floor','On_THe_Fall_Floor_Final_Colour_V2_Final_F_1_of_1.jpg','NIKON CORPORATION','NIKON D7000','Aperture-priority AE',320,'2013-11-10 10:42:20','18.0 mm',8,'4928x3042','1/2000','Macro',2,1,1,0,100,116,'2018-10-02 17:13:49'),(858,'On The Run','On_The_Run_1_of_1Final.jpg','NIKON CORPORATION','NIKON D7000','Aperture-priority AE',640,'2016-03-27 14:51:31','80.0 mm',5.3,'2969x1767','1/6400','Landscape ',1,0,0,0,67,16,'2018-01-05 09:34:41'),(859,'The Bright Lights Of Media City','Over_Processed_MediaCity_2_Final_1_of_1.jpg','','NIKON D7000','',100,'2012-12-12 07:42:04','21.0 mm',16,'4650x3081','10','Night',3,0,1,0,96,46,'2018-09-03 02:23:16'),(860,'Evening Walk Along The Tow Path','Over_The_Top_Canal_Shot_Final_1_of_1.jpg','','NIKON D7000','',100,'2014-07-06 20:52:39','18.0 mm',16,'4695x2982','1/30','Landscape ',1,0,1,0,96,44,'2018-01-05 09:34:41'),(861,'Pouring Down','Pegging_It_Down_7_1_of_1.jpg','NIKON CORPORATION','NIKON D7000','Aperture-priority AE',100,'2013-05-28 11:39:14','300.0 mm',5.6,'3695x2038','1/50','Macro',2,0,0,0,95,33,'2018-04-25 15:06:28'),(862,'Railway Lines','Railway_1_of_1.jpg','','NIKON D7000','',100,'2013-07-09 06:42:33','18.0 mm',16,'4764x3151','1/50','Landscape ',1,0,1,0,78,18,'2018-01-05 09:34:41'),(863,'Rainbow Field','Rainbow_HFF_Final_2_1_of_1.jpg','','NIKON D7000','',100,'2013-08-13 06:34:36','18.0 mm',16,'4542x2764','1/13','Landscape ',1,0,0,0,85,37,'2018-06-08 08:31:57'),(864,'Reflecting The BBC','Reflecting_The_BBC_Final_Final.jpg','','NIKON D7000','',100,'2012-11-06 08:26:08','18.0 mm',16,'5436x3310','1.3','Landscape ',1,0,1,0,101,761,'2018-08-30 18:42:56'),(865,'Reflections','Reflections_1_of_1.jpg','','NIKON D7000','',100,'2013-07-09 06:42:33','18.0 mm',16,'5334x3374','1/6','Landscape ',1,0,1,0,98,24,'2018-09-03 02:23:16'),(866,'River Dee Shadows','River_Dee_Shadows.jpg','','NIKON D7000','',100,'2013-12-14 13:56:18','18.0 mm',16,'4913x3257','1/30','Landscape ',1,0,0,1,83,12,'2018-01-05 09:34:41'),(867,'\'Round The Bend','Round_The_Bend_v2_1_of_1.jpg','NIKON CORPORATION','NIKON D7000','Aperture-priority AE',100,'2013-05-02 05:53:27','105.0 mm',16,'4538x3090','1/80','Landscape ',1,1,0,0,66,100,'2018-05-01 21:00:54'),(868,'Run Away!!','Running_Away_WM_Final__1_of_1.jpg','','NIKON D7000','',100,'2012-10-27 13:48:56','18.0 mm',16,'4943x3278','1/50','Composite',5,1,1,0,99,55,'2018-09-29 15:41:13'),(869,'Running Shadows','Running_Shadow_Final_1_of_1.jpg','NIKON CORPORATION','NIKON D7000','Aperture-priority AE',200,'2013-08-21 07:05:51','21.0 mm',3.8,'4148x3137','1/6400','Landscape ',1,0,0,0,76,9,'2018-01-05 09:34:41'),(870,'Sail Away','Sailing_Away_1_of_1.jpg','NIKON CORPORATION','NIKON D7000','Aperture-priority AE',100,'2013-08-25 06:44:34','58.0 mm',5.6,'4140x2404','1/5000','Landscape ',1,0,1,0,96,25,'2018-01-05 09:34:41'),(871,'One Shaft Of Light','Shafts_v4_upload1_of_1.jpg','','NIKON D7000','',100,'2013-05-02 05:55:52','52.0 mm',16,'2100x1565','1/100','Landscape ',1,0,1,0,81,10,'2018-04-25 15:07:11'),(872,'Ship Wrecked','Ship_Wreck_1_of_1.jpg','NIKON CORPORATION','NIKON D7000','Aperture-priority AE',200,'2014-08-03 09:00:22','280.0 mm',5.6,'5459x3298','1/1250','Landscape ',1,0,0,0,90,13,'2018-01-05 09:34:41'),(873,'Shropshire Union Morning','Shropshire_Union_Morning_Walk_1_of_1.jpg','','NIKON D7000','',100,'2013-07-09 06:42:33','18.0 mm',16,'5211x3454','1/5','Landscape ',1,0,1,0,99,64,'2018-07-06 09:25:56'),(875,'Signs','Signs_1_of_1.jpg','','NIKON D7000','',100,'2014-04-11 07:18:35','52.0 mm',16,'5600x3571','1/125','Landscape ',1,0,0,1,79,11,'2018-04-25 15:07:12'),(876,'The Lonely Tree','Silhoutted_Tree_Final_1_of_1.jpg','NIKON CORPORATION','NIKON D7000','Aperture-priority AE',100,'2014-07-01 21:10:15','28.0 mm',16,'3202x4228','1/80','Landscape ',1,0,0,0,34,9,'2018-01-05 09:34:41'),(877,'Storm A Brewin\'','Storm_A_Brewin.jpg','','NIKON D7000','',100,'2012-08-05 15:22:15','18.0 mm',16,'4938x3278','1/125','Landscape ',1,0,1,0,93,23,'2018-09-03 02:23:16'),(878,'Summer\'s Field','SummerField_Final_1_of_1SF.jpg','','NIKON D7000','',100,'2014-06-01 12:19:38','38.0 mm',16,'4584x2860','1/100','Landscape ',1,0,1,0,68,26,'2018-01-05 09:34:41'),(879,'Summer\'s Field Panoramic','SummerFieldPano1.jpg','','NIKON D7000','',100,'2014-06-01 12:19:31','38.0 mm',16,'11696x4336','1/80','Landscape ',1,0,1,0,95,36,'2018-04-25 15:06:28'),(880,'Sunday Morning Stroll','Sunday_Walk_On_The_Canal_Final.jpg','','NIKON D7000','',100,'2014-01-19 11:45:32','80.0 mm',16,'5550x2882','1/60','Landscape ',1,0,0,0,86,18,'2018-04-25 15:06:59'),(881,'An Egyptian Sunset Alternate','Sundown_1_of_1.jpg','NIKON CORPORATION','NIKON D7000','Aperture-priority AE',200,'2015-08-06 17:08:05','105.0 mm',5.6,'5523x3258','1/3200','Landscape ',1,0,0,0,77,12,'2018-01-05 09:34:41'),(882,'Sundown On St Mary\'s','Sundown_On_St_Marys_II_1_of_1.jpg','','NIKON D7000','',100,'2013-02-23 16:15:40','18.0 mm',16,'4881x3204','1/20','Landscape ',1,0,1,1,91,10,'2018-01-05 09:34:41'),(883,'Reflecting The Sunrise','Sunrise_For_Final_Touch_2_1_of_1.jpg','','NIKON D7000','',100,'2013-03-21 06:27:32','105.0 mm',13,'4073x3130','1/160','Landscape ',1,1,1,0,94,46,'2018-04-25 15:07:46'),(884,'Sunset Pond','Sunset_Pond_Final_1_of_1.jpg','','NIKON D7000','',100,'2014-06-10 21:44:46','22.0 mm',16,'4614x3033','0.6','Landscape ',1,0,0,0,95,23,'2018-10-07 22:30:59'),(885,'Sun Worshippers','Sun_Worshipers_v3_1_of_1.jpg','NIKON CORPORATION','NIKON D7000','Aperture-priority AE',100,'2013-06-10 20:53:14','28.0 mm',16,'3798x2229','1/30','Landscape ',1,0,0,0,82,18,'2018-04-25 15:07:09'),(886,'Tegg\'s Nose View','TeggsNose_View_PanoFinal.jpg','','NIKON D7000','',100,'2014-02-02 13:38:43','18.0 mm',16,'5839x2739','1/80','Landscape  ',1,0,1,1,81,17,'2018-04-25 15:07:11'),(887,'The Chase','The_Chase1_of2.jpg','','NIKON D7000','',100,'2014-04-11 07:08:38','40.0 mm',16,'4764x2699','1/80','Composite',5,0,1,0,99,44,'2018-09-03 02:23:16'),(888,'The Only Life For Me','The_Only_Life_For_Me_Final_1_of_1.jpg','','NIKON D7000','',100,'2014-04-11 07:16:05','105.0 mm',16,'5451x3605','1/40','Landscape ',1,0,1,0,71,10,'2018-01-05 09:34:41'),(889,'The Path To The Clouds','The_Path_To_The_Clouds_1_of_1.jpg','NIKON CORPORATION','NIKON D7000','Aperture-priority AE',250,'2014-05-27 10:47:34','18.0 mm',3.5,'4502x3109','1/1000','Landscape ',1,0,0,0,83,12,'2018-01-05 09:34:41'),(890,'The Road To Where?','The_Road_To_Where_1_of_1.jpg','NIKON CORPORATION','NIKON D7000','Aperture-priority AE',100,'2014-02-16 14:43:33','18.0 mm',16,'4597x3045','1/250','Landscape ',1,0,1,1,94,21,'2018-04-25 15:06:46'),(891,'The Tall','TheTallv1.jpg','','NIKON D7000','',100,'2014-06-01 11:40:12','18.0 mm',16,'3899x5818','1/8','Landscape ',1,0,1,0,67,18,'2018-09-29 15:42:12'),(893,'The Working Day Has Just Begun','The_Working_Day_Has_Just_Begun_final_1_of_1.jpg','NIKON CORPORATION','NIKON D7000','Aperture-priority AE',100,'2012-11-02 08:31:27','105.0 mm',16,'5036x3573','1/320','Landscape ',1,0,0,0,53,12,'2018-01-05 09:34:41'),(894,'This Must Be The Place','This_Must_Be_The_Place_v6_1_of_1.jpg','','NIKON D7000','',100,'2013-03-13 06:45:02','18.0 mm',16,'4183x2534','1/80','Landscape ',1,0,0,0,87,17,'2018-04-25 15:06:58'),(895,'Time And Tide Waits For No Man','TimeAndTimeWaitForNoManv2_1_of_1.jpg','','NIKON D7000','',100,'2012-10-13 12:36:28','18.0 mm',7.1,'6766x2661','1/500','Graphics',8,0,0,0,94,60,'2018-04-25 15:06:44'),(896,'Blurred Lines','Train_Blur_Final_1_of_1.jpg','NIKON CORPORATION','NIKON D7000','Aperture-priority AE',100,'2013-04-16 19:00:49','18.0 mm',16,'4204x3014','1/5','Landscape ',1,0,0,0,102,598,'2018-09-29 15:43:14'),(897,'The Magical Forest Again','Trees_Final.jpg','','NIKON D7000','',100,'2014-06-01 11:38:07','18.0 mm',16,'4595x3046','1/20','Landscape ',1,0,1,0,96,52,'2018-09-23 22:49:56'),(898,'Branches','Tree_Silhouette_2_1_of_1.jpg','NIKON CORPORATION','NIKON D7000','Aperture-priority AE',100,'2013-03-18 12:35:29','18.0 mm',16,'4482x3446','1/400','Landscape ',1,0,0,1,44,21,'2018-01-05 09:34:41'),(899,'Two Of Us','TwoOfUs2.jpg','NIKON CORPORATION','NIKON D7000','Aperture-priority AE',100,'2016-03-07 12:28:47','70.0 mm',16,'4945x3276','1/125','Landscape ',1,0,0,0,66,29,'2018-01-05 09:34:41'),(900,'Two Trees At Dawn','Two_Trees_In_The_Morning_1_of_1.jpg','','NIKON D7000','',100,'2013-07-09 06:42:33','92.0 mm',16,'4416x2926','1/200','Landscape ',1,0,0,0,55,9,'2018-01-05 09:34:41'),(901,'Dew On Wheat','Wheat3_1_of_1.jpg','NIKON CORPORATION','NIKON D7000','Aperture-priority AE',200,'2015-08-12 07:42:55','100.0 mm',8,'4928x3264','1/320','Landscape ',1,0,0,0,77,13,'2018-01-05 09:34:41'),(902,'Summer\'s Sky','Wheat_Field_Sky_1_of_1.jpg','','NIKON D7000','',100,'2013-07-09 06:42:33','38.0 mm',16,'4416x2934','1/160','Landscape ',1,0,1,0,54,10,'2018-01-05 09:34:41'),(903,'Why Does It Always Rain On Me','Why_Does_It_Always_Rain_On_Me_Final_1_of_1.jpg','NIKON CORPORATION','NIKON D7000','',100,'2013-10-19 17:12:27','66.0 mm',5.3,'3245x3208','1/60','Landscape ',1,0,0,1,81,28,'2018-01-05 09:34:41'),(904,'Windows 98','Windows_98_v3_1_of_1.jpg','NIKON','NIKON D7000','AE',100,'2013-07-09 06:42:33','75.0 mm',7.1,'4830x3091','1/800','Landscape  ',1,1,1,0,92,342,'2018-09-24 15:30:22'),(905,'March Of The Ents','Windy_March_oF_the_Ents_For_Lr.jpg','','NIKON D7000','',100,'2014-01-03 13:21:20','18.0 mm',16,'5184x2711','0.4','Landscape ',1,0,0,0,46,10,'2018-01-05 09:34:41'),(906,'Trees In Winter','Winters_Trees_BW_Final_1_of_1.jpg','','NIKON D7000','',100,'2015-01-04 11:21:49','50.0 mm',16,'4576x3931','1/50','Landscape ',1,0,1,1,97,23,'2018-07-06 09:52:06'),(907,'Wandering Lonely As A Cloud','Wondering_Lonely_1_of_1.jpg','NIKON CORPORATION','NIKON D7000','Aperture-priority AE',100,'2014-02-02 13:46:11','18.0 mm',16,'4597x3045','1/320','Landscape ',1,0,0,0,67,14,'2018-01-05 09:34:41'),(908,'2 Jewels','2_Jewels_3_final_1_of_1.jpg','NIKON CORPORATION','NIKON D7000','Aperture-priority AE',500,'2016-04-09 08:17:46','100.0 mm',5.6,'1928x1277','1/1600','Macro  ',2,0,0,0,78,17,'2018-05-01 21:00:57'),(909,'Almost There','Almost_There_For_Lr_1_of_1.jpg','NIKON CORPORATION','NIKON D7000','Aperture-priority AE',100,'2013-04-13 09:52:43','135.0 mm',5.6,'4156x2679','1/320','Macro  ',2,0,0,0,94,43,'2018-04-25 15:06:41'),(910,'Blowin\' in the Wind','Blowing_In_The_Wind_1_of_1.jpg','NIKON CORPORATION','NIKON D7000','Aperture-priority AE',400,'2015-05-03 15:00:27','100.0 mm',3.2,'5213x3453','1/2500','Macro ',2,0,0,0,87,62,'2018-01-05 09:35:39'),(911,'Bubbles','Bubbles_3_final1_of_1.jpg','NIKON CORPORATION','NIKON D7000','Aperture-priority AE',500,'2016-04-09 08:37:27','100.0 mm',5.6,'1909x1148','1/800','Macro ',2,1,0,0,99,41,'2018-09-03 02:23:16'),(912,'Burnt Out','Burnt_Out_V2_1_of_1.jpg','NIKON CORPORATION','NIKON D7000','',800,'2012-09-19 22:11:01','90.0 mm',5.6,'5259x3042','1/250','Macro ',2,0,0,0,86,11,'2018-04-25 15:07:00'),(913,'Butterfly','Butterfly_Final.jpg','NIKON CORPORATION','NIKON D7000','Aperture-priority AE',200,'2013-04-06 13:37:30','300.0 mm',6.3,'3689x3432','1/640','Macro ',2,0,0,0,55,10,'2018-01-05 09:35:39'),(914,'Cherry Blossom','Cherry_Blossom_3_1_of_1.jpg','NIKON CORPORATION','NIKON D7000','Aperture-priority AE',100,'2014-04-18 08:37:08','280.0 mm',8,'4263x4690','1/250','Macro ',2,0,0,0,22,9,'2018-01-05 09:35:39'),(915,'Cherry Blossom Alternate','Cherry_Blossom_5_1_of_1.jpg','NIKON CORPORATION','NIKON D7000','Aperture-priority AE',100,'2014-04-18 08:24:39','300.0 mm',8,'4647x4303','1/250','Macro ',2,0,0,0,22,14,'2018-01-05 09:35:39'),(916,'Gravity','Clothes_Line4bwcrop_1_of_1.jpg','NIKON CORPORATION','NIKON D7000','Aperture-priority AE',640,'2016-03-04 15:27:52','100.0 mm',5.3,'4700x3096','1/2000','Macro ',2,1,0,0,97,41,'2018-01-12 11:24:58'),(917,'Coined','Coins_Vig_1_of_1.jpg','NIKON CORPORATION','NIKON D7000','Aperture-priority AE',100,'2013-05-12 13:07:52','110.0 mm',10,'4559x2928','1/60','Macro ',2,0,0,0,92,20,'2018-04-25 15:06:53'),(918,'Colours of Spring','Colours_of_spring_for_Lr_1_of_1.jpg','NIKON CORPORATION','NIKON D7000','Aperture-priority AE',100,'2014-04-18 08:26:51','220.0 mm',8,'4678x3282','1/250','Macro ',2,0,0,0,62,14,'2018-01-05 09:35:39'),(919,'Coppers','Coopers_Final_v2_upload1_of_1.jpg','NIKON CORPORATION','NIKON D7000','Aperture-priority AE',400,'2015-05-03 10:33:48','100.0 mm',5.6,'1995x1994','1/60','Macro ',2,1,0,0,79,13,'2018-04-25 15:07:11'),(920,'Dandelion','Dandelion_Finall_Lr_1_of_1.jpg','NIKON CORPORATION','NIKON D7000','Aperture-priority AE',250,'2015-05-23 17:55:41','100.0 mm',4,'4677x3847','1/800','Macro  ',2,0,0,1,93,22,'2018-09-24 15:29:13'),(921,'Eye ','Eye_Eye_1_of_1.jpg','NIKON CORPORATION','NIKON D7000','Aperture-priority AE',400,'2015-05-03 10:13:02','100.0 mm',4.5,'5257x3423','1/125','Macro ',2,1,0,0,100,92,'2018-09-29 15:40:59'),(922,'Rippled','Fluffy_half_gone_Reflect_1_of_1.jpg','NIKON CORPORATION','NIKON D7000','Aperture-priority AE',1000,'2015-06-03 20:44:27','100.0 mm',3.8,'5107x3524','1/500','Macro ',2,0,0,0,99,40,'2018-09-29 15:41:24'),(923,'Geared','Geared_1_of_1.jpg','NIKON CORPORATION','NIKON D7000','Aperture-priority AE',200,'2015-05-11 12:41:08','100.0 mm',3.5,'3512x5124','1/640','Macro ',2,0,0,0,71,10,'2018-01-05 09:35:39'),(924,'Dreamy Grass','Grass_1_final1_of_1.jpg','NIKON CORPORATION','NIKON D7000','Aperture-priority AE',100,'2015-05-04 08:49:36','100.0 mm',3.5,'4407x3438','1/640','Macro  ',2,0,0,0,84,17,'2018-04-25 15:07:03'),(925,'Heads or Tails?','Heads_Or_TailsFinal_1_of_1.jpg','NIKON CORPORATION','NIKON D7000','Aperture-priority AE',100,'2013-06-23 14:09:00','32.0 mm',20,'3326x2516','1/30','Macro  ',2,0,0,0,87,13,'2018-01-05 09:35:39'),(926,'Keys','KeysFinalHighRes1_of_1.jpg','NIKON CORPORATION','NIKON D7000','Aperture-priority AE',640,'2016-03-05 15:43:18','122.0 mm',36,'4736x3136','3','Macro  ',2,0,0,0,66,17,'2018-01-05 09:35:39'),(927,'Laces','Laces_Close-upv2_1_of_1.jpg','NIKON CORPORATION','NIKON D7000','Aperture-priority AE',200,'2015-09-12 16:52:25','100.0 mm',9,'2483x2050','1/320','Macro  ',2,0,0,0,68,12,'2018-01-05 09:35:39'),(928,'Lady Birdy','LAdy_Bird_final1_of_1.jpg','NIKON CORPORATION','NIKON D7000','Aperture-priority AE',400,'2016-04-14 17:38:05','100.0 mm',5.6,'1519x1223','1/640','Macro  ',2,0,0,0,22,16,'2018-01-05 09:35:39'),(929,'Leaf In Frost','LeafInFrost3Final2_1_of_1.jpg','NIKON CORPORATION','NIKON D7000','Aperture-priority AE',160,'2016-11-26 10:41:32','100.0 mm',6.3,'4928x2772','1/125','Macro  ',2,0,0,0,75,10,'2018-01-10 15:58:21'),(930,'Life Finds A Way','Life_finds_a_way1_1_of_1.jpg','NIKON CORPORATION','NIKON D7000','Aperture-priority AE',400,'2016-04-20 18:44:28','100.0 mm',5.6,'3572x3264','1/1000','Macro  ',2,0,0,0,92,13,'2018-01-05 09:35:39'),(931,'Liquid','Liquid_2_1_of_1.jpg','NIKON CORPORATION','NIKON D7000','Aperture-priority AE',500,'2016-04-09 08:37:25','100.0 mm',5.6,'4562x2760','1/800','Macro  ',2,0,0,0,95,22,'2018-09-03 02:23:16'),(932,'Match','Match_Final_1_of_1.jpg','NIKON CORPORATION','NIKON D7000','Aperture-priority AE',800,'2016-01-28 20:09:05','100.0 mm',7.1,'6104x3800','1/320','Macro ',2,0,0,0,87,20,'2018-01-05 09:35:39'),(933,'Mesaure','Measure2_1_of_1.jpg','NIKON CORPORATION','NIKON D7000','Aperture-priority AE',800,'2016-02-09 21:14:13','100.0 mm',5,'4928x3264','1/320','Macro ',2,0,0,1,78,11,'2018-04-25 15:07:12'),(934,'Minecraft','MineCraftFigure_Final1_of_1.jpg','NIKON CORPORATION','NIKON D7000','Aperture-priority AE',800,'2016-01-30 17:09:10','100.0 mm',3.5,'3453x5213','1/250','Macro ',2,0,0,0,54,14,'2018-01-05 09:35:39'),(935,'Morning Colours','Morning_Colours_Final.jpg','NIKON CORPORATION','NIKON D7000','Aperture-priority AE',100,'2014-04-18 08:24:22','210.0 mm',8,'4568x4379','1/320','Macro ',2,0,0,0,34,9,'2018-01-05 09:35:39'),(936,'One Blade','One_Blade_1_of_1.jpg','NIKON CORPORATION','NIKON D7000','Aperture-priority AE',320,'2016-07-25 08:44:47','100.0 mm',5.6,'1878x2596','1/1000','Macro ',2,0,0,0,64,16,'2018-01-05 09:35:39'),(937,'Hanging Around Alternate','Pegs_1_1_of_1.jpg','NIKON CORPORATION','NIKON D7000','Aperture-priority AE',500,'2014-05-12 18:48:46','195.0 mm',5.3,'4149x3374','1/640','Macro  ',2,0,0,0,99,31,'2018-04-25 15:06:05'),(938,'Hanging Around Alternate Again','Pegs_2_Sharper1_of_1.jpg','NIKON CORPORATION','NIKON D7000','Aperture-priority AE',500,'2014-05-12 18:50:21','300.0 mm',5.6,'4307x3251','1/1600','Macro ',2,0,0,0,100,92,'2018-09-29 15:43:18'),(939,'Pegs In A Row','Pegs_In_A_Row_2_1_of_1.jpg','NIKON CORPORATION','NIKON D7000','Aperture-priority AE',320,'2013-05-16 17:00:14','105.0 mm',8,'4017x3264','1/1250','Macro ',2,0,0,0,100,67,'2018-04-25 15:05:33'),(940,'Pegs In A Row Alternate','Pegs_noWM_1_of_1.jpg','NIKON CORPORATION','NIKON D7000','Aperture-priority AE',100,'2014-04-18 17:44:40','125.0 mm',8,'3991x3839','1/80','Macro ',2,0,0,0,29,10,'2018-01-05 09:35:39'),(941,'Pencils','Pencils_Final.jpg','NIKON CORPORATION','NIKON D7000','Aperture-priority AE',125,'2012-10-19 20:31:09','50.0 mm',5,'5260x3421','1/60','Macro ',2,0,0,0,51,9,'2018-01-05 09:35:39'),(942,'Planted','Planted_v3_1_of_1.jpg','NIKON CORPORATION','NIKON D7000','Aperture-priority AE',200,'2013-04-06 13:33:56','300.0 mm',6.3,'4526x3127','1/800','Macro ',2,0,0,0,84,12,'2018-01-05 09:35:39'),(943,'The Union Jack','Red_White_And_Blue_3_1_of_1.jpg','NIKON CORPORATION','NIKON D7000','Aperture-priority AE',125,'2013-05-25 14:54:45','105.0 mm',5.6,'3497x2364','1/640','Macro ',2,0,0,0,63,15,'2018-01-05 09:35:39'),(944,'Running Water','Running_Tap_3_1_of_1.jpg','NIKON CORPORATION','NIKON D7000','Aperture-priority AE',250,'2013-02-13 22:57:25','300.0 mm',5.6,'3264x4928','1/60','Macro ',2,0,0,0,38,10,'2018-01-05 09:35:39'),(945,'Rusting Peg','Rusting_Peg_1_of_1Final.jpg','NIKON CORPORATION','NIKON D7000','Aperture-priority AE',640,'2016-03-04 15:28:17','100.0 mm',4.5,'4928x3264','1/1250','Macro ',2,0,0,0,84,11,'2018-04-25 15:07:02'),(946,'September Flower','September_Flower_Colour_Version_Final_For_LR.jpg','NIKON CORPORATION','NIKON D7000','Aperture-priority AE',320,'2013-09-28 15:46:59','18.0 mm',7.1,'3524x3084','1/1600','Macro ',2,0,0,0,73,15,'2018-01-05 09:35:39'),(947,'Smokey','Smokey2_lowres1_of_1.jpg','NIKON CORPORATION','NIKON D7000','',800,'2012-09-19 21:42:43','105.0 mm',11,'1939x1607','1/125','Macro ',2,0,0,0,99,46,'2018-09-23 22:49:56'),(948,'Sparking Diamonds','Sparkling_Diamonds_1_of_1Final.jpg','NIKON CORPORATION','NIKON D7000','Aperture-priority AE',640,'2016-10-02 09:24:18','100.0 mm',5,'1928x1277','1/6400','Macro ',2,0,0,0,97,317,'2018-07-06 10:23:22'),(949,'Spinning Pattern','Spinning_Pattern_Final_wm_1_of_1.jpg','NIKON CORPORATION','NIKON D7000','Aperture-priority AE',100,'2013-06-23 14:04:19','35.0 mm',29,'3326x1996','1/8','Macro ',2,1,0,0,93,26,'2018-05-01 21:00:38'),(950,'The Glow Box','The_Glow_Box_Final_v21_of_1.jpg','NIKON CORPORATION','NIKON D7000','Aperture-priority AE',500,'2015-02-18 17:25:17','21.0 mm',5.6,'5283x3406','1/200','Graphics',8,0,0,0,91,92,'2018-04-25 15:06:54'),(952,'Image Not Defined','Twisted_Smoke_final_1_of_1.jpg','NIKON CORPORATION','NIKON D7000','',800,'2012-09-19 21:39:03','105.0 mm',11,'1902x1546','1/125','Macro',2,0,0,0,100,6,'2018-01-05 09:35:39'),(953,'Water On Glass','Water_Droplets_On_Glass_1_of_1.jpg','NIKON CORPORATION','NIKON D7000','Aperture-priority AE',200,'2015-05-18 18:24:42','100.0 mm',9,'4230x4254','1/250','Macro ',2,0,0,0,69,10,'2018-01-05 09:35:39'),(954,'The WWW','Www_1_of_1.jpg','NIKON CORPORATION','NIKON D7000','Aperture-priority AE',200,'2015-05-18 18:24:42','100.0 mm',9,'5361x3357','1/250','Macro ',2,0,0,0,91,10,'2018-01-05 09:35:39'),(955,'You\'re My World! Alternate','Youre_my_world_1_of_1.jpg','NIKON CORPORATION','NIKON D7000','Aperture-priority AE',250,'2015-05-06 07:10:38','100.0 mm',3.2,'5144x3498','1/3200','Macro   ',2,1,0,0,88,14,'2018-01-05 09:35:39'),(956,'006 ','006_Final_1_of_1.jpg','NIKON CORPORATION','NIKON D7000','Aperture-priority AE',200,'2013-03-04 15:50:43','98.0 mm',5.6,'3264x4928','1/640','Portraits ',4,0,0,0,82,39,'2018-05-01 21:00:56'),(957,'No Mr. Bond, I Expect You To Die!','006_No_I_expect_you_to_die_v3_1_of_1.jpg','NIKON CORPORATION','NIKON D7000','Aperture-priority AE',200,'2013-03-04 15:50:17','140.0 mm',5.6,'4928x3264','1/640','Portraits ',4,0,0,0,93,16,'2018-01-05 11:22:15'),(958,'3 of Us','3.jpg','NIKON CORPORATION','NIKON D7000','Aperture-priority AE',100,'2014-01-11 15:31:01','48.0 mm',16,'5224x3063','1/500','Portraits ',4,0,0,0,89,26,'2018-05-01 21:00:59'),(959,'Alone','Alone2_v31_of_1.jpg','NIKON CORPORATION','NIKON D7000','Aperture-priority AE',640,'2016-03-27 14:52:16','105.0 mm',5.6,'3509x1973','1/5000','Portraits ',4,0,0,0,99,51,'2018-04-25 15:06:12'),(960,'An Apple A Day','Apple_Eating_New_Ver_1_of_1.jpg','NIKON CORPORATION','NIKON D7000','Aperture-priority AE',800,'2014-06-27 18:07:59','50.0 mm',1.8,'3580x5027','1/2000','Portraits ',4,0,0,0,96,30,'2018-04-25 15:06:26'),(961,'Learning To Catch','AshCatch_Final2__1_of_1.jpg','NIKON CORPORATION','NIKON D7000','Aperture-priority AE',400,'2014-02-19 12:22:08','50.0 mm',1.8,'4145x5016','1/160','Portraits ',4,0,0,0,77,21,'2018-04-25 15:07:13'),(962,'Ash In The Desert','AshDesert5_1_of_1.jpg','','','',400,'2015-10-23 08:02:29','',1.8,'5309x3391','','Portraits ',4,0,0,0,77,27,'2018-04-25 15:07:14'),(963,'Ash In The Park','AshInParkFinal_1_of_1.jpg','NIKON CORPORATION','NIKON D7000','Aperture-priority AE',1600,'2016-11-26 15:20:51','100.0 mm',6.3,'3020x3020','1/400','Portraits ',4,0,0,0,76,32,'2018-01-05 11:22:15'),(964,'Ash In The Snow','Ash_in_Snow_2_final1_of_1.jpg','NIKON CORPORATION','NIKON D7000','Aperture-priority AE',100,'2015-02-01 11:55:11','18.0 mm',3.5,'3437x5236','1/1250','Portraits ',4,0,0,0,93,18,'2018-04-25 15:06:49'),(965,'Down The Slide','Ashley_Down_Slide_1_of_1.jpg','NIKON CORPORATION','NIKON D7000','Aperture-priority AE',250,'2012-11-25 15:44:02','50.0 mm',1.8,'3453x5213','1/800','Portraits ',4,0,0,0,22,18,'2018-01-05 11:22:15'),(966,'Turn Around','Ashley_final.jpg','NIKON CORPORATION','NIKON D7000','Aperture-priority AE',640,'2013-12-30 16:38:38','50.0 mm',1.8,'3878x4126','1/20','Portraits ',4,0,0,1,77,28,'2018-01-05 11:22:15'),(967,'Playing','Ash_Playing_1_1_of_1.jpg','NIKON CORPORATION','NIKON D7000','Aperture-priority AE',100,'2014-07-21 19:24:59','50.0 mm',1.8,'3253x4304','1/1600','Portraits ',4,0,0,0,96,43,'2018-01-05 11:22:15'),(968,'The Sense of Smell','Ash_With_Flower_Final_SC_1_of_1.jpg','NIKON CORPORATION','NIKON D7000','Aperture-priority AE',125,'2014-09-13 10:47:05','50.0 mm',1.8,'2824x3104','1/4000','Portraits ',4,0,0,1,100,59,'2018-04-25 15:05:46'),(969,'Bubbles Alternate','Bubble4_1_of_1.jpg','NIKON CORPORATION','NIKON D7000','Aperture-priority AE',250,'2016-04-04 18:51:44','100.0 mm',5.6,'2671x3264','1/250','Portraits ',4,0,0,0,94,27,'2018-04-25 15:06:46'),(970,'The Bubble Catch!','Bubble_Catch_Final_Colour1_of_1.jpg','NIKON CORPORATION','NIKON D7000','Aperture-priority AE',100,'2014-07-22 19:23:27','50.0 mm',1.8,'4219x3446','1/800','Portraits ',4,0,0,0,88,30,'2018-09-29 15:42:07'),(971,'Determined Running','Determined_Running_2.jpg','NIKON CORPORATION','NIKON D7000','',200,'2013-12-14 11:21:17','52.0 mm',9,'4332x2848','1/40','Portraits ',4,0,0,0,100,109,'2018-09-24 15:30:30'),(972,'Directions','Directions_Final.jpg','NIKON CORPORATION','NIKON D7000','Aperture-priority AE',100,'2014-01-11 15:31:14','48.0 mm',16,'5432x3256','1/30','Portraits ',4,0,0,0,65,14,'2018-01-05 11:22:15'),(973,'Do As I Do!','DoAsIDoFinal.jpg','NIKON CORPORATION','NIKON D7000','',200,'2015-03-20 10:31:57','105.0 mm',14,'4244x3244','1/1000','Portraits ',4,0,0,0,86,36,'2018-04-25 15:07:00'),(974,'Don\'t Look Back!','Dont_Look_Back_31_of_1.jpg','','NIKON D7000','',100,'2015-01-04 11:49:43','28.0 mm',16,'5211x3454','1/6','Portraits ',4,0,0,0,75,32,'2018-01-05 11:22:15'),(975,'Ash In The Desert','Egypt2015-Safari3_Ash_In_Dessert_Final1_of_1.jpg','','NIKON D7000','',100,'2015-08-11 12:42:34','',5.6,'5269x3415','','Portraits ',4,1,0,0,97,98,'2018-04-25 15:06:22'),(976,'Ash In The Desert Alternate','Egypt2015-Safari5_Ash_In_desert_final1_of_1.jpg','','NIKON D7000','',100,'2015-08-11 12:46:51','',5.6,'5395x3336','','Portraits ',4,1,0,0,94,41,'2018-01-05 11:22:15'),(977,'Eye Contact','EyeContact.jpg','NIKON CORPORATION','NIKON D7000','Aperture-priority AE',1250,'2014-01-04 14:33:10','105.0 mm',5.6,'4865x3287','1/320','Portraits ',4,0,0,1,74,141,'2018-01-05 11:22:15'),(978,'Father And Son','Father_And_Son.jpg','SAMSUNG','GT-I9100','Aperture-priority AE',40,'2012-09-08 08:36:57','3.9 mm',2.6,'3780x4458','1/390','Portraits ',6,0,0,1,82,21,'2018-01-05 11:33:16'),(979,'Follow Me','Follow_Me_1_of_1.jpg','NIKON CORPORATION','NIKON D7000','Aperture-priority AE',320,'2013-10-05 15:22:23','300.0 mm',5.6,'4231x3032','1/1250','Portraits ',4,0,0,0,67,29,'2018-01-05 11:22:15'),(980,'He Ain\'t Heavy He\'s My Brother','He_Aint_Heavy_Hes_My_Brother_1_of_1.jpg','NIKON CORPORATION','NIKON D7000','Aperture-priority AE',320,'2013-02-02 13:32:34','105.0 mm',5.6,'4325x3154','1/1600','Portraits  ',4,0,0,1,93,42,'2018-01-05 11:22:15'),(981,'Sad Eyes','He_Saw_Me_V2_1_of_1.jpg','NIKON CORPORATION','NIKON D7000','Aperture-priority AE',320,'2013-10-05 15:06:51','300.0 mm',5.6,'3111x3032','1/200','Portraits ',4,0,0,1,58,17,'2018-01-05 11:22:15'),(982,'Z is for Zebra','High_Key_Zebra_1_of_1.jpg','NIKON CORPORATION','NIKON D7000','Aperture-priority AE',200,'2013-04-28 14:03:38','300.0 mm',5.6,'4687x3840','1/400','Portraits ',4,0,0,1,98,38,'2018-04-25 15:06:13'),(983,'I\'ll Look After You!','Ill_Look_After_Yer_1_of_1.jpg','','NIKON D7000','',100,'2013-01-09 07:31:01','18.0 mm',16,'4486x3565','1/50','Portraits ',4,0,1,1,68,23,'2018-01-05 11:22:15'),(984,'I\'m Looking Through You','Im_Looking_Through_You_Final_1_of_1.jpg','NIKON CORPORATION','NIKON D7000','Aperture-priority AE',100,'2013-01-09 07:31:01','18.0 mm',16,'2432x2825','30','Portraits ',4,1,1,1,100,97,'2018-09-24 15:30:41'),(985,'In Your Own Bubble','In_Your_OWn_Bubble_1_of_1.jpg','NIKON CORPORATION','NIKON D7000','',100,'2014-05-03 17:53:48','125.0 mm',5.6,'3187x3028','1/125','Portraits ',4,0,0,0,44,32,'2018-01-05 11:22:15'),(986,'Jump','Jump_Seq4_1_of_1.jpg','NIKON CORPORATION','NIKON D7000','Aperture-priority AE',100,'2012-08-22 17:28:18','25.0 mm',4,'4323x3699','1/1000','Portraits ',4,0,0,0,12,13,'2018-01-05 11:22:15'),(987,'Keeping Guard','Keeping_Guard_1_of_1.jpg','NIKON CORPORATION','NIKON D7000','Aperture-priority AE',640,'2013-05-28 14:55:29','300.0 mm',5.6,'4928x2863','1/500','Portraits ',4,0,0,0,85,20,'2018-01-05 11:22:15'),(988,'A Latte Afternoon','Latte_1_of_1.jpg','NIKON CORPORATION','NIKON D7000','Aperture-priority AE',500,'2016-02-28 16:47:08','70.0 mm',5.3,'4186x3143','1/5000','Portraits ',4,0,0,0,67,35,'2018-09-29 15:41:37'),(989,'Leaf Kicking ','Leaf_Kick_Final.jpg','NIKON CORPORATION','NIKON D7000','Aperture-priority AE',320,'2012-10-27 13:25:57','18.0 mm',3.5,'5431x3313','1/4000','Portraits ',4,0,0,0,68,10,'2018-01-05 11:22:15'),(990,'Leah','Leah_3-4438.jpg','NIKON CORPORATION','NIKON D7000','',100,'2012-09-09 15:52:05','45.0 mm',11,'4621x3462','1/250','Portraits ',4,0,0,0,96,36,'2018-04-25 15:06:26'),(991,'Life Is A Rollercoaster','Life_Is_A_Rollacoster.jpg','NIKON CORPORATION','NIKON D7000','',100,'2014-02-09 16:09:13','18.0 mm',10,'4859x3293','1/20','Portraits ',4,0,0,0,62,21,'2018-01-05 11:22:15'),(992,'London Reds','LondonReds_1_of_1.jpg','NIKON CORPORATION','NIKON D7000','Aperture-priority AE',200,'2014-09-16 15:51:42','80.0 mm',5.3,'4251x4234','1/1000','Portraits ',4,0,0,0,100,28,'2018-08-03 21:43:50'),(993,'London Shadows','LOndon_Shadows_Final_1_of_1.jpg','NIKON CORPORATION','NIKON D7000','Aperture-priority AE',200,'2014-09-16 15:53:40','18.0 mm',3.5,'4985x3610','1/2000','Portraits ',4,0,0,1,77,108,'2018-01-05 11:22:15'),(994,'Going Underground','LondonUndergroundv2CrossFinal_1_of_1.jpg','NIKON CORPORATION','NIKON D7000','Aperture-priority AE',200,'2014-09-16 16:00:05','18.0 mm',3.5,'5266x3417','1/13','Portraits ',4,0,0,0,97,22,'2018-01-05 11:22:15'),(995,'Exit','LondonUndergroundWayOut_1_of_1.jpg','NIKON CORPORATION','NIKON D7000','Aperture-priority AE',200,'2014-09-16 16:07:19','18.0 mm',3.5,'5085x3539','1/10','Portraits ',4,0,0,0,93,23,'2018-08-30 18:43:29'),(996,'Loving The Moon','Love_The_MoonFinal3.jpg','','','',200,'2015-09-28 20:56:24','',3.5,'1491x1491','','Portraits ',4,0,0,0,99,118,'2018-06-08 08:32:32'),(997,'Me','Me1_1_of_1.jpg','NIKON CORPORATION','NIKON D7000','Aperture-priority AE',250,'2015-03-21 18:16:24','50.0 mm',1.8,'4704x3825','1/60','Portraits ',4,0,0,0,31,21,'2018-01-05 11:22:15'),(998,'Me','MeAvatar1_of_1.jpg','','','',250,'2013-06-21 22:39:54','',1.8,'500x500','','Portraits ',4,0,0,0,44,26,'2018-01-05 11:22:15'),(999,'The Art Of Levitation (Me)','Me_Levitating_Final_1_of_1.jpg','NIKON CORPORATION','NIKON D7000','Aperture-priority AE',640,'2015-03-14 17:21:38','18.0 mm',3.5,'4666x2862','1/60','Composite',5,0,0,0,40,85,'2018-01-05 09:36:34'),(1000,'Moody Thoughts','Moody_Thoughts_V6_Softened_BG_1_of_1.jpg','NIKON CORPORATION','NIKON D7000','Aperture-priority AE',1000,'2013-02-23 10:27:02','300.0 mm',5.6,'2499x3809','1/640','Portraits ',4,0,0,0,99,29,'2018-04-25 15:06:07'),(1001,'My Bubble','My_Bubble_2_1_of_1.jpg','NIKON CORPORATION','NIKON D7000','',100,'2014-05-03 17:54:49','70.0 mm',5.6,'3140x4583','1/125','Portraits ',4,0,0,0,31,10,'2018-01-05 11:22:15'),(1002,'Bursting Your Bubble','My_Bubble_Pop_3_1_of_1.jpg','NIKON CORPORATION','NIKON D7000','',100,'2014-05-03 17:47:15','105.0 mm',5.6,'3810x2698','1/125','Portraits ',4,0,0,0,36,21,'2018-01-05 11:22:15'),(1003,'No Mr. Bond, I Expect You To Die! Alternate','No_Mr_Bond_I_Expect_You_To_Die_1_of_1.jpg','NIKON CORPORATION','NIKON D7000','Aperture-priority AE',200,'2013-03-04 15:50:17','140.0 mm',5.6,'4928x3264','1/640','Portraits  ',4,0,0,0,47,10,'2018-01-05 11:22:15'),(1004,'Image Not Defined','Oh_Dear_1_of_1.jpg','NIKON CORPORATION','NIKON D7000','Aperture-priority AE',250,'2016-08-12 15:59:22','18.0 mm',4.5,'2491x2491','1/2000','Portraits',4,0,0,0,100,6,'2018-01-05 11:22:15'),(1005,'Image Not Defined','OlAndAsh2_Final1_of_1.jpg','NIKON CORPORATION','NIKON D7000','Aperture-priority AE',160,'2016-11-26 15:02:16','105.0 mm',6.3,'3233x2074','1/160','Portraits',4,0,0,0,100,6,'2018-01-05 11:22:15'),(1006,'Image Not Defined','OlinPark_1_of_1.jpg','NIKON CORPORATION','NIKON D7000','Aperture-priority AE',1600,'2016-11-26 15:23:13','100.0 mm',6.3,'4562x3044','1/400','Portraits',4,0,0,0,100,6,'2018-01-05 11:22:15'),(1007,'Image Not Defined','OliverMess_v21_of_1.jpg','NIKON CORPORATION','NIKON D7000','Aperture-priority AE',400,'2016-02-13 15:53:55','50.0 mm',1.8,'4404x3032','1/2500','Portraits',4,0,0,0,100,6,'2018-01-05 11:22:15'),(1008,'Image Not Defined','Oliver_Pan_Final_1_of_1.jpg','NIKON CORPORATION','NIKON D7000','',100,'2014-02-19 12:47:38','70.0 mm',29,'5495x3640','1/20','Portraits',4,0,0,0,100,6,'2018-01-05 11:22:15'),(1009,'Image Not Defined','On_Their_Way_2_1_of_1.jpg','NIKON CORPORATION','NIKON D7000','Aperture-priority AE',500,'2014-05-05 12:30:23','50.0 mm',1.8,'4379x3197','1/5000','Portraits',4,0,0,0,100,6,'2018-01-05 11:22:15'),(1010,'Image Not Defined','On_Their_Way_SC_1_of_1.jpg','NIKON CORPORATION','NIKON D7000','Aperture-priority AE',500,'2014-05-05 12:30:23','50.0 mm',1.8,'4270x3278','1/5000','Portraits',4,0,0,0,100,6,'2018-01-05 11:22:15'),(1011,'Image Not Defined','Our_Boy_Jan_2013_Wishing.jpg','NIKON CORPORATION','NIKON D7000','Aperture-priority AE',800,'2014-01-18 11:48:49','195.0 mm',5.6,'4662x3432','1/1600','Portraits',4,0,0,0,100,6,'2018-01-05 11:22:15'),(1012,'Image Not Defined','Pickmere_Lake_1_of_1.jpg','NIKON CORPORATION','NIKON D7000','Aperture-priority AE',100,'2015-02-04 18:28:03','18.0 mm',16,'5417x3322','1','Portraits',4,0,0,0,100,6,'2018-01-05 11:22:15'),(1013,'Image Not Defined','Playing_With_Bubbles_1_1_of_1.jpg','NIKON CORPORATION','NIKON D7000','Aperture-priority AE',100,'2014-07-22 19:27:37','50.0 mm',1.8,'3505x3994','1/800','Portraits',4,0,0,0,100,6,'2018-01-05 11:22:15'),(1014,'Image Not Defined','Readin_v3_1_of_1.jpg','NIKON CORPORATION','NIKON D7000','Aperture-priority AE',200,'2013-07-08 12:30:42','300.0 mm',5.6,'4791x3021','1/640','Portraits',4,0,0,0,100,6,'2018-01-05 11:22:15'),(1015,'Image Not Defined','Riding_Through_The_Mist_1_of_1.jpg','NIKON CORPORATION','NIKON D7000','Aperture-priority AE',100,'2013-03-14 07:31:33','18.0 mm',16,'4349x3219','1/40','Portraits',4,0,0,0,100,6,'2018-01-05 11:22:15'),(1016,'Image Not Defined','Roar.jpg','NIKON CORPORATION','NIKON D7000','Aperture-priority AE',320,'2013-10-05 14:01:05','300.0 mm',5.6,'3755x3010','1/160','Portraits',4,0,0,0,100,6,'2018-01-05 11:22:15'),(1017,'Image Not Defined','Roundabout.jpg','NIKON CORPORATION','NIKON D7000','',100,'2014-02-09 16:11:59','18.0 mm',10,'3128x5114','1/20','Portraits',4,0,0,0,100,6,'2018-01-05 11:22:15'),(1018,'Image Not Defined','Running_Away_2_1_of_1.jpg','NIKON CORPORATION','NIKON D7000','Aperture-priority AE',640,'2013-05-28 14:55:05','300.0 mm',5.6,'3790x3264','1/400','Portraits',4,0,0,0,100,6,'2018-01-05 11:22:15'),(1019,'Image Not Defined','Simples_V2_1_of_1.jpg','NIKON CORPORATION','NIKON D7000','Aperture-priority AE',400,'2015-03-01 13:43:36','200.0 mm',5.3,'3368x5343','1/400','Portraits',4,0,0,0,100,6,'2018-01-05 11:22:15'),(1020,'Image Not Defined','Speedy_Gonzales_1_of_1.jpg','NIKON CORPORATION','NIKON D7000','',200,'2013-05-30 19:45:36','18.0 mm',20,'4364x2494','1/15','Portraits',4,0,0,0,100,6,'2018-01-05 11:22:15'),(1021,'Image Not Defined','Taking_Care_1_of_1.jpg','NIKON CORPORATION','NIKON D7000','Aperture-priority AE',100,'2012-11-25 15:41:55','50.0 mm',1.8,'3880x4638','1/400','Portraits',4,0,0,0,100,6,'2018-01-05 11:22:15'),(1022,'Image Not Defined','That_Boy_final_1_of_1.jpg','NIKON CORPORATION','NIKON D7000','Aperture-priority AE',800,'2016-01-24 14:23:50','100.0 mm',3.2,'4747x3791','1/320','Portraits',4,0,0,0,100,6,'2018-01-05 11:22:15'),(1023,'Image Not Defined','The_Kung_Fu_Baby_1_of_1.jpg','NIKON CORPORATION','NIKON D7000','Aperture-priority AE',2000,'2013-07-03 20:43:30','18.0 mm',3.5,'3264x4928','1/160','Portraits',4,0,0,0,100,6,'2018-01-05 11:22:15'),(1024,'Image Not Defined','The_Magic_Of_Christmas_Final.jpg','NIKON CORPORATION','NIKON D7000','Aperture-priority AE',640,'2013-12-30 15:22:51','50.0 mm',1.8,'4846x3302','1/250','Portraits',4,0,0,0,100,6,'2018-01-05 11:22:15'),(1025,'Image Not Defined','The_old_Bridge_Final.jpg','NIKON CORPORATION','NIKON D7000','Aperture-priority AE',100,'2014-01-11 15:31:01','48.0 mm',16,'5224x3302','1/500','Portraits',4,0,0,0,100,6,'2018-01-05 11:22:15'),(1026,'Image Not Defined','The_Simple_Things_In_Life1_of_1.jpg','NIKON CORPORATION','NIKON D7000','Aperture-priority AE',100,'2014-07-13 19:09:38','50.0 mm',1.8,'4424x3155','1/1250','Portraits',4,0,0,0,100,6,'2018-01-05 11:22:15'),(1027,'Image Not Defined','The_Way_1_of_1.jpg','NIKON CORPORATION','NIKON D7000','Aperture-priority AE',125,'2012-10-14 11:07:30','18.0 mm',3.5,'5362x3355','1/1250','Portraits',4,0,0,0,100,6,'2018-01-05 11:22:15'),(1028,'Image Not Defined','Toni_Leah_1_1_of_1.jpg','NIKON CORPORATION','NIKON D7000','Aperture-priority AE',400,'2015-03-22 18:05:11','200.0 mm',5.3,'3564x5049','1/1250','Portraits',4,0,0,0,100,6,'2018-01-05 11:22:15'),(1029,'Image Not Defined','When_Im_Feeling_Blue_1_of_1.jpg','NIKON CORPORATION','NIKON D7000','',100,'2014-04-28 20:15:48','105.0 mm',5.6,'5742x3482','1/125','Portraits ',4,0,0,0,100,6,'2018-01-05 11:22:15'),(1030,'Image Not Defined','Worried_1_of_1.jpg','NIKON CORPORATION','NIKON D7000','Aperture-priority AE',200,'2015-05-17 15:23:29','100.0 mm',2.8,'3349x5374','1/200','Portraits',4,0,0,0,100,6,'2018-01-05 11:22:15'),(1031,'Image Not Defined','Youre_Fired_3_1_of_1.jpg','NIKON CORPORATION','NIKON D7000','Aperture-priority AE',250,'2013-06-22 14:05:48','220.0 mm',7.1,'2574x2886','1/640','Portraits',4,0,0,0,100,6,'2018-01-05 11:22:15'),(1032,'Image Not Defined','Ywan_Getty_1_of_1.jpg','NIKON CORPORATION','NIKON D7000','Aperture-priority AE',800,'2014-01-18 11:48:39','100.0 mm',5.6,'5134x3506','1/1250','Portraits',4,0,0,0,100,6,'2018-01-05 11:22:15'),(1033,'Image Not Defined','Zebra_1_of_1.jpg','NIKON CORPORATION','NIKON D7000','Aperture-priority AE',320,'2013-10-05 15:20:29','250.0 mm',5.6,'4928x3264','1/1000','Portraits ',4,1,0,1,55,6,'2018-01-05 11:22:15'),(1034,'Bad Moon On The Rise','Bad_Moon_On_The_Rise_Final_1_of_1.jpg','NIKON CORPORATION','NIKON D7000','Aperture-priority AE',100,'2013-05-23 23:17:53','300.0 mm',11,'2658x1658','0.3','Night  ',3,0,0,0,19,10,'2018-01-05 09:36:01'),(1035,'Bad Moon On The Rise With Boids','Bad_Moon_On_The_Rise_Halloween_Grey_Version_1_of_1.jpg','NIKON CORPORATION','NIKON D7000','Aperture-priority AE',100,'2013-05-23 23:17:53','300.0 mm',11,'2658x1658','0.3','Night ',3,0,0,0,83,11,'2018-04-25 15:07:03'),(1036,'Media City','ByeMediaCity_Final_For_Getty.jpg','','NIKON D7000','',100,'2014-01-28 20:41:38','18.0 mm',16,'5131x3118','10','Night ',3,0,0,0,69,10,'2018-01-05 09:36:01'),(1037,'Eccles Morning ','Eccles_Morning-8461.jpg','NIKON CORPORATION','NIKON D7000','Aperture-priority AE',100,'2012-12-05 07:24:04','18.0 mm',16,'5896x3052','10','Night  ',3,0,0,0,92,31,'2018-01-05 09:36:01'),(1038,'Super Moon Eclipse 2015','Eclipse_4_1_of_1.jpg','NIKON CORPORATION','NIKON D7000','',100,'2015-03-20 10:19:26','105.0 mm',14,'4934x3648','1/1600','Night ',3,0,0,0,73,13,'2018-01-05 09:36:01'),(1039,'Moon Against Stars','Just_The_Moon_v21_of_1.jpg','NIKON CORPORATION','NIKON D7000','Aperture-priority AE',320,'2014-09-09 20:52:05','300.0 mm',9,'3031x2531','1/60','Night ',3,0,0,0,31,16,'2018-01-05 09:36:01'),(1040,'Life In The Fast Lane','Life_In_The_Fast_Lane_Final_1_of_1.jpg','NIKON CORPORATION','NIKON D7000','',100,'2012-11-22 18:57:38','18.0 mm',14,'5884x3059','29','Night ',3,0,0,0,56,9,'2018-01-05 09:36:01'),(1041,'Lights Will Guide You Home Alternate','Lights_Will_Guide_You_Final_2_1_of_1.jpg','','NIKON D7000','',100,'2012-11-16 20:36:54','18.0 mm',16,'5294x3400','15','Night ',3,0,0,0,44,37,'2018-01-05 09:36:01'),(1042,'Moody M6','M6_Mood_Final_Tilt.jpg','NIKON CORPORATION','NIKON D7000','Aperture-priority AE',100,'2012-11-08 18:37:35','18.0 mm',16,'5473x3289','30','Night ',3,0,0,0,63,10,'2018-01-05 09:36:01'),(1043,'Media City Bride LE','Media_City_Bridge_Radial_Blur_On_Water.jpg','','NIKON D7000','',100,'2012-12-12 07:44:52','58.0 mm',16,'4586x2880','10','Night ',3,0,1,0,74,10,'2018-01-05 09:36:01'),(1044,'Media City Bride','MediaCityFootBridge2.jpg-.jpg','','NIKON D7000','',100,'2012-12-12 07:44:52','58.0 mm',16,'5482x3283','10','Night ',3,0,0,0,65,10,'2018-01-05 09:36:01'),(1045,'Misty Moonlit Church','Misty_Moonlight_Church.jpg','NIKON CORPORATION','NIKON D7000','Aperture-priority AE',100,'2013-05-23 23:17:53','300.0 mm',11,'2956x2516','0.3','Night ',3,0,0,1,53,13,'2018-01-05 09:36:01'),(1046,'Moody M6 Alternate','Moody_M6.jpg','NIKON CORPORATION','NIKON D7000','Aperture-priority AE',100,'2012-11-08 18:37:35','18.0 mm',16,'5225x3460','30','Night ',3,0,0,0,58,10,'2018-01-05 09:36:01'),(1047,'The Moon','Moon4_Clouds_1_of_1.jpg','NIKON CORPORATION','NIKON D7000','Aperture-priority AE',100,'2013-05-22 21:27:18','300.0 mm',20,'1990x1421','1/6','Night ',3,0,0,0,16,17,'2018-01-05 09:36:01'),(1048,'Spooky Graveyard ','Moon_Church_Yard_Final.jpg','NIKON CORPORATION','NIKON D7000','Aperture-priority AE',100,'2013-05-23 23:18:27','300.0 mm',11,'3713x2357','0.4','Night ',3,0,0,1,77,22,'2018-01-05 09:36:01'),(1049,'Moon Eclipse ','Moon_Final_Final_1_of_1.jpg','NIKON CORPORATION','NIKON D7000','Aperture-priority AE',320,'2013-04-22 19:20:19','300.0 mm',5.6,'1423x1326','1/250','Night ',3,0,0,1,54,10,'2018-01-05 09:36:01'),(1050,'Nantwich Side Street','Nantwich_Church_Lane_Final_1_of_1.jpg','','NIKON D7000','',100,'2012-08-03 21:57:39','18.0 mm',16,'4947x3279','8','Night ',3,0,0,1,53,14,'2018-01-05 09:36:01'),(1051,'Quarter Moon','Quarter_Moon_Final_1_of_1.jpg','NIKON CORPORATION','NIKON D7000','Aperture-priority AE',100,'2014-07-02 21:47:15','300.0 mm',8,'4646x3013','1/50','Night ',3,0,0,0,16,9,'2018-01-05 09:36:01'),(1052,'Reflecting Media City','Reflecting_Media_City_High_Contrast-.jpg','','NIKON D7000','',100,'2012-07-02 07:47:15','18.0 mm',16,'5319x3385','10','Night ',3,0,1,0,99,66,'2018-01-23 16:10:01'),(1053,'Super Moon','SuperMoonOc15_Crop_21_of_1.jpg','','NIKON D7000','',100,'2015-09-28 20:56:24','18.0 mm',16,'2011x2010','','Night ',3,0,0,1,89,30,'2018-01-05 09:36:01'),(1054,'The Reality Distortion Field','The_Reality_Distortion_Field_1_of_1.jpg','','NIKON D7000','',100,'2016-01-20 18:37:39','18.0 mm',16,'5593x3218','','Night  ',3,0,0,0,88,26,'2018-04-25 15:06:58'),(1055,'Abstract Grass','Abstract_Grass_1_of_1.jpg','NIKON CORPORATION','NIKON D7000','Aperture-priority AE',125,'2012-10-14 11:04:13','105.0 mm',5.6,'3453x5214','1/60','Bokeh               ',9,0,0,0,66,49,'2018-01-05 09:37:25'),(1056,'Blurry Bokeh ','Blur_1_of_1.jpg','NIKON CORPORATION','NIKON D7000','Aperture-priority AE',100,'2012-11-20 08:41:23','48.0 mm',5,'5085x3539','1/4','Bokeh    ',9,0,0,0,25,22,'2018-01-05 09:37:25'),(1057,'Generic Bokeh','bokeh_1_of_1.jpg','NIKON CORPORATION','NIKON D7000','Aperture-priority AE',800,'2015-05-06 19:07:44','100.0 mm',7.1,'5213x3453','1/2500','Bokeh ',9,0,0,1,35,12,'2018-01-05 09:37:25'),(1058,'Colourful Bokeh','Bokeh_Background_1_of_1.jpg','NIKON CORPORATION','NIKON D7000','Aperture-priority AE',250,'2014-08-06 18:44:11','50.0 mm',1.8,'5213x3453','1/25','Bokeh ',9,0,0,0,65,19,'2018-01-05 09:37:25'),(1059,'Christmas Bokeh','Bokeh_Tree_1_of_1.jpg','NIKON CORPORATION','NIKON D7000','Aperture-priority AE',100,'2012-12-27 16:56:42','45.0 mm',4.8,'3264x4928','1/5','Bokeh  ',9,1,0,0,75,10,'2018-01-05 09:37:25'),(1060,'Budding Bokeh','Budding_1_of_1.jpg','NIKON CORPORATION','NIKON D7000','Aperture-priority AE',1250,'2015-03-01 10:14:46','300.0 mm',5.6,'5214x3452','1/1000','Bokeh ',9,0,0,0,55,10,'2018-01-05 09:37:25'),(1061,'Bright Light Budding Bokeh','Budding_Bokeh_1_of_1.jpg','NIKON CORPORATION','NIKON D7000','Aperture-priority AE',100,'2014-03-22 11:01:21','140.0 mm',4.8,'5495x3640','1/400','Bokeh ',9,0,0,0,75,24,'2018-01-05 09:37:25'),(1062,'Christmas Bokeh Close-up','Christmas_Boke_Background_1_of_1.jpg','NIKON CORPORATION','NIKON D7000','Aperture-priority AE',100,'2012-12-27 16:56:21','45.0 mm',4.8,'4928x3264','1/8','Bokeh ',9,0,0,0,45,12,'2018-01-05 09:37:25'),(1063,'Fuzzy Dragon','Dragon_bokeh_1_of_1.jpg','NIKON CORPORATION','NIKON D7000','Aperture-priority AE',100,'2015-05-03 15:04:25','100.0 mm',4.2,'5098x3531','1/125','Bokeh ',9,0,0,0,65,23,'2018-01-05 09:37:25'),(1064,'Generic Bokeh Alternate','Great_Balls_Of_Light_2_1_of_1.jpg','NIKON CORPORATION','NIKON D7000','Aperture-priority AE',100,'2012-11-20 08:41:23','48.0 mm',5,'4691x3836','1/4','Bokeh ',9,0,0,0,45,17,'2018-01-05 09:37:25'),(1065,'Green Bokeh Background','Green_Bokeh_Backfround_1_of_1.jpg','NIKON CORPORATION','NIKON D7000','Aperture-priority AE',100,'2012-10-01 16:05:00','50.0 mm',1.8,'5213x3453','1/250','Bokeh ',9,0,0,0,35,11,'2018-01-05 09:37:25'),(1066,'Hanging Around','Hanging_Around_For_I_Stock_1_of_1.jpg','NIKON CORPORATION','NIKON D7000','Aperture-priority AE',100,'2012-09-28 14:58:28','50.0 mm',4.5,'4875x3281','1/160','Bokeh ',9,0,0,0,70,43,'2018-01-05 09:37:25'),(1067,'Pegs Web And Bokeh','Pegs_Bokeh_1_of_1.jpg','NIKON CORPORATION','NIKON D7000','Aperture-priority AE',200,'2013-07-06 19:18:40','200.0 mm',5.3,'3037x1767','1/200','Bokeh ',9,0,0,0,99,44,'2018-10-02 17:12:59'),(1068,'Candles','ShutterStockCandles.jpg','NIKON CORPORATION','NIKON D7000','Aperture-priority AE',100,'2012-10-02 20:28:07','50.0 mm',3.2,'4888x3272','1/6','Bokeh ',9,0,0,0,68,19,'2018-01-05 09:37:25'),(1069,'The Only Way Is Up!','The_Only_Way_Is_Up_1_of_1.jpg','NIKON CORPORATION','NIKON D7000','Aperture-priority AE',500,'2016-02-21 12:32:40','100.0 mm',3,'4928x3264','1/160','Bokeh ',9,0,0,0,75,12,'2018-01-05 09:37:25'),(1070,'Christmas Bokeh Alternate','Tree_Bokeh_1_1_of_1.jpg','NIKON CORPORATION','NIKON D7000','Aperture-priority AE',100,'2012-12-27 16:56:42','45.0 mm',4.8,'3264x4928','1/5','Bokeh ',9,0,0,0,65,12,'2018-01-05 09:37:25'),(1071,'Image Not Defined','You_Spin_Me_Right_Round_Final-.jpg','NIKON CORPORATION','NIKON D7000','Aperture-priority AE',100,'2012-12-18 19:53:00','50.0 mm',1.8,'3532x5096','0.3','Bokeh',9,0,0,0,100,6,'2018-01-05 09:37:25');
/*!40000 ALTER TABLE `assets` ENABLE KEYS */;
UNLOCK TABLES;

--
-- Table structure for table `categories`
--

DROP TABLE IF EXISTS `categories`;
/*!40101 SET @saved_cs_client     = @@character_set_client */;
/*!40101 SET character_set_client = utf8 */;
CREATE TABLE `categories` (
  `id` int(11) NOT NULL AUTO_INCREMENT,
  `name` varchar(255) COLLATE utf8_bin NOT NULL,
  PRIMARY KEY (`id`)
) ENGINE=InnoDB AUTO_INCREMENT=10 DEFAULT CHARSET=utf8 COLLATE=utf8_bin;
/*!40101 SET character_set_client = @saved_cs_client */;

--
-- Dumping data for table `categories`
--

LOCK TABLES `categories` WRITE;
/*!40000 ALTER TABLE `categories` DISABLE KEYS */;
INSERT INTO `categories` (`id`, `name`) VALUES (1,'Landscape'),(2,'Macro'),(3,'Night Photography'),(4,'Portrait'),(5,'Composite'),(6,'Street'),(7,'Fun'),(8,'Graphics'),(9,'Bokeh');
/*!40000 ALTER TABLE `categories` ENABLE KEYS */;
UNLOCK TABLES;

--
-- Table structure for table `location`
--

DROP TABLE IF EXISTS `location`;
/*!40101 SET @saved_cs_client     = @@character_set_client */;
/*!40101 SET character_set_client = utf8 */;
CREATE TABLE `location` (
  `id` int(11) NOT NULL AUTO_INCREMENT,
  `name` varchar(256) NOT NULL,
  `address` varchar(1024) NOT NULL,
  `Geo` int(11) NOT NULL,
  PRIMARY KEY (`id`)
) ENGINE=MyISAM AUTO_INCREMENT=2 DEFAULT CHARSET=latin1;
/*!40101 SET character_set_client = @saved_cs_client */;

--
-- Dumping data for table `location`
--

LOCK TABLES `location` WRITE;
/*!40000 ALTER TABLE `location` DISABLE KEYS */;
INSERT INTO `location` (`id`, `name`, `address`, `Geo`) VALUES (1,'The Garden Of Bolshaw','6 Bolshaw Close, Crewe, Cheshire, CW13WX',1);
/*!40000 ALTER TABLE `location` ENABLE KEYS */;
UNLOCK TABLES;

--
-- Table structure for table `login_attempts`
--

DROP TABLE IF EXISTS `login_attempts`;
/*!40101 SET @saved_cs_client     = @@character_set_client */;
/*!40101 SET character_set_client = utf8 */;
CREATE TABLE `login_attempts` (
  `user_id` int(11) NOT NULL,
  `time` varchar(30) NOT NULL
) ENGINE=InnoDB DEFAULT CHARSET=latin1;
/*!40101 SET character_set_client = @saved_cs_client */;

--
-- Dumping data for table `login_attempts`
--

LOCK TABLES `login_attempts` WRITE;
/*!40000 ALTER TABLE `login_attempts` DISABLE KEYS */;
INSERT INTO `login_attempts` (`user_id`, `time`) VALUES (1,'1487327414'),(2,'1487327658'),(2,'1487327775'),(3,'1487330854'),(2,'1487338427'),(2,'1487342221'),(2,'1487342974'),(2,'1487342988'),(2,'1487343043'),(2,'1487343109'),(3,'1487343420'),(3,'1487347465'),(4,'1487349750'),(4,'1487349847'),(3,'1487349855'),(3,'1488278808');
/*!40000 ALTER TABLE `login_attempts` ENABLE KEYS */;
UNLOCK TABLES;

--
-- Table structure for table `members`
--

DROP TABLE IF EXISTS `members`;
/*!40101 SET @saved_cs_client     = @@character_set_client */;
/*!40101 SET character_set_client = utf8 */;
CREATE TABLE `members` (
  `id` int(11) NOT NULL AUTO_INCREMENT,
  `username` varchar(30) NOT NULL,
  `email` varchar(50) NOT NULL,
  `password` char(128) NOT NULL,
  `salt` char(128) NOT NULL,
  PRIMARY KEY (`id`)
) ENGINE=InnoDB AUTO_INCREMENT=5 DEFAULT CHARSET=latin1;
/*!40101 SET character_set_client = @saved_cs_client */;

--
-- Dumping data for table `members`
--

LOCK TABLES `members` WRITE;
/*!40000 ALTER TABLE `members` DISABLE KEYS */;
INSERT INTO `members` (`id`, `username`, `email`, `password`, `salt`) VALUES (2,'Phil','phil.jones.24.4@gmail.com','e515e202a4549425e602d8fee7830af777788cafa2b45660829c7851482b281858f83eebfa2aebf541386ff310dc8331dbf912de1ad8d9a6447ca53e694e8c33','5f2d809036ab408ee3c7076b9b4b8544d0cfac148ceb277cfab99a10e42f3e538cc8291cd0ae88aeab5f62ed130f86d7829481eb738b9383b39b6005899012db'),(3,'New','philip.jones@quadriga.com','c04fbae8d7b8543a9e136ecf4869120c47b352c9ddd17f91dea81466bc4cc61c0d6afa0677bcff4e9777edafc50d29050db740e0e32aaa39e1234e1ee31203da','34134b49c69cfc4ecdc85b229d74440c5bc01bd9f7b3dff34bced2ac96c2a2ed0fdcfdc6335eb7e2b09163d804a520bbb7f3ba98affe8d52f031bbeea7ac269d'),(4,'Leah','leah.jones.23.3@gmail.com','5d5f478367b470814a91a60dfcb7bff4b184ec460ee19d2c7a0bc264a60d0d625e70b2295e8c17ff0cf66a1bfecb295e6238b8429d4f80f21618c9d934570210','5a1ae20a05e68a77d370696cdc9202c45fc8db5e706c8390b3e92f1c8bf198c4997c01a2929bf76d0d5a7d996634b91014e0f71c1dea4e56a4d00b23e2ec104d');
/*!40000 ALTER TABLE `members` ENABLE KEYS */;
UNLOCK TABLES;

--
-- Table structure for table `plants`
--

DROP TABLE IF EXISTS `plants`;
/*!40101 SET @saved_cs_client     = @@character_set_client */;
/*!40101 SET character_set_client = utf8 */;
CREATE TABLE `plants` (
  `id` int(11) NOT NULL AUTO_INCREMENT,
  `name` varchar(40) NOT NULL,
  `description` varchar(1024) NOT NULL,
  `url` varchar(512) NOT NULL,
  `date_planted` timestamp NULL DEFAULT NULL,
  `plant_location_id` int(11) NOT NULL,
  `light_requirement_id` varchar(256) NOT NULL,
  `soil_requirement` varchar(255) NOT NULL,
  `hardy_rating` varchar(32) NOT NULL,
  `flowers` tinyint(4) NOT NULL,
  `Evergreen` tinyint(4) NOT NULL,
  `Last_watered` int(11) NOT NULL,
  `Latin_name` varchar(256) NOT NULL,
  `pruning` varchar(1024) NOT NULL,
  `timestamp` timestamp NOT NULL DEFAULT CURRENT_TIMESTAMP,
  PRIMARY KEY (`id`)
) ENGINE=MyISAM AUTO_INCREMENT=3 DEFAULT CHARSET=latin1;
/*!40101 SET character_set_client = @saved_cs_client */;

--
-- Dumping data for table `plants`
--

LOCK TABLES `plants` WRITE;
/*!40000 ALTER TABLE `plants` DISABLE KEYS */;
INSERT INTO `plants` (`id`, `name`, `description`, `url`, `date_planted`, `plant_location_id`, `light_requirement_id`, `soil_requirement`, `hardy_rating`, `flowers`, `Evergreen`, `Last_watered`, `Latin_name`, `pruning`, `timestamp`) VALUES (1,'Heather Erica Darleyensis ','\'Kramer\'s Rote\' is a vigorous dwarf evergreen shrub making a mat of dark bronze-green foliage with deep magenta flowers.','https://www.rhs.org.uk/Plants/95498/Erica-x-darleyensis-Kramer-s-Rote/Details','2017-04-11 07:00:00',1,'1','Acidic to Neutral PH, well draining.','H5',1,1,0,'0','Shrubs: pruning evergreens\r\nOnce established, most evergreen shrubs are fairly low maintenance and need little or no regular pruning. Pruning, when required, is generally carried out in mid to late spring. Such plants fall into RHS Pruning groups 8, 9 and 10. https://www.rhs.org.uk/advice/profile?PID=168','2018-05-14 19:29:32'),(2,'Buxus Sempervirens','Buxus sempervirens is a large, slow-growing evergreen shrub to 5m or more, compact in habit, with small, glossy oval or oblong leaves, and small, yellowish flowers in the leaf axils','https://www.rhs.org.uk/Plants/2579/Buxus-sempervirens/Details','2017-04-11 07:00:00',1,'Partial Shade / Full Shade','Acidic, Alkaline Neutral PH,  well draining but moist.','H6',0,1,0,'','2 - 3 times during March to September, never prune just before a frost.','2018-05-15 21:15:56');
/*!40000 ALTER TABLE `plants` ENABLE KEYS */;
UNLOCK TABLES;

--
-- Dumping events for database 'pj-images'
--

--
-- Dumping routines for database 'pj-images'
--
/*!40103 SET TIME_ZONE=@OLD_TIME_ZONE */;

/*!40101 SET SQL_MODE=@OLD_SQL_MODE */;
/*!40014 SET FOREIGN_KEY_CHECKS=@OLD_FOREIGN_KEY_CHECKS */;
/*!40014 SET UNIQUE_CHECKS=@OLD_UNIQUE_CHECKS */;
/*!40101 SET CHARACTER_SET_CLIENT=@OLD_CHARACTER_SET_CLIENT */;
/*!40101 SET CHARACTER_SET_RESULTS=@OLD_CHARACTER_SET_RESULTS */;
/*!40101 SET COLLATION_CONNECTION=@OLD_COLLATION_CONNECTION */;
/*!40111 SET SQL_NOTES=@OLD_SQL_NOTES */;

-- Dump completed on 2018-10-10  1:31:04
